x_nm,y_nm,z_nm,inside,too_close,enhancement,chirality,Ex_re,Ex_im,Ey_re,Ey_im,Ez_re,Ez_im,force_ok,Fx_nm2,Fy_nm2,Fz_nm2,Fcx_nm2,Fcy_nm2,Fcz_nm2
-1.6,0,-20,0,0,2.1806394,-1.0370643,1.9205528,0.48325371,0.3900943,-0.011272458,-0.3667233,-0.39042934,1,-0.022265536,0.02115007,0.33308126,0.0052364594,0.0081607145,-0.0072768869
-1.4,0,-20,0,0,2.171585,-1.0388075,1.9295631,0.49694321,0.38987869,-0.0092031308,-0.32148488,-0.34287155,1,-0.019674862,0.018540625,0.3308384,0.0046008063,0.0071582034,-0.0071983413
-1.2,0,-20,0,0,2.1636799,-1.0403099,1.9373782,0.50883712,0.38969187,-0.007410321,-0.27600544,-0.29481643,1,-0.017003569,0.015886766,0.32887721,0.0039811317,0.0061397398,-0.0071305933
-1,0,-20,0,0,2.1569488,-1.0415751,1.9439953,0.51892271,0.38953383,-0.0058937745,-0.23031955,-0.24633428,1,-0.014261213,0.013194563,0.32720456,0.0033761166,0.005107558,-0.0070725742
-0.8,0,-20,0,0,2.1514125,-1.0426062,1.9494123,0.52718922,0.38940454,-0.0046532714,-0.18446176,-0.19749578,1,-0.011704677,0.010993265,0.32575544,0.0013184312,0.0046008826,-0.0070033017
-0.6,0,-20,0,0,2.1470884,-1.0434055,1.9536273,0.53362785,0.389304,-0.0036886288,-0.13846652,-0.14837186,1,-0.0086212382,0.008323728,0.32471256,0.0019424169,0.0035304889,-0.0069551774
-0.4,0,-20,0,0,2.1439901,-1.0439751,1.9566391,0.53823175,0.38923219,-0.0029997028,-0.092368242,-0.099033677,1,-0.0057379694,0.0056558,0.32399737,0.0011727867,0.0024936786,-0.0069564919
-0.2,0,-20,0,0,2.1421272,-1.0443163,1.9584465,0.54099605,0.38918911,-0.0025863894,-0.046201291,-0.049552569,1,-0.0029449331,0.0029618923,0.32354153,0.00067548052,0.0014389149,-0.00694875
0,0,-20,0,0,2.1415055,-1.0444299,1.9590491,0.5419178,0.38917475,-0.0024486258,-1.085949e-08,3.0935839e-08,1,0.00042036309,0.00109473,0.3235372,-0.00033046188,9.1738574e-06,-0.0068754403
0.2,0,-20,0,0,2.1421272,-1.0443163,1.9584465,0.54099605,0.3891891,-0.002586391,0.046201269,0.049552631,1,0.0029331916,-0.0015535558,0.3237251,-0.00065873547,-0.00060934274,-0.0068817262
0.4,0,-20,0,0,2.1439901,-1.0439751,1.9566391,0.53823175,0.38923218,-0.0029997062,0.092368221,0.099033739,1,0.0057845706,-0.0041681013,0.32421574,-0.0012949488,-0.0015451067,-0.0068978049
0.6,0,-20,0,0,2.1470885,-1.0434055,1.9536273,0.53362785,0.38930399,-0.0036886339,0.1384665,0.14837192,1,0.008615156,-0.00677515,0.32501144,-0.001931549,-0.0024764643,-0.0069235348
0.8,0,-20,0,0,2.1514125,-1.0426062,1.9494123,0.52718922,0.38940453,-0.0046532781,0.18446174,0.19749584,1,0.01141698,-0.0093686113,0.3260018,-0.0025530257,-0.0030584764,-0.0068965349
1,0,-20,0,0,2.1569488,-1.0415751,1.9439953,0.51892271,0.38953381,-0.0058937828,0.23031953,0.24633434,1,0.014313818,-0.012098532,0.32747519,-0.0033008155,-0.0035371582,-0.0070152997
1.2,0,-20,0,0,2.1636799,-1.0403099,1.9373782,0.50883712,0.38969186,-0.007410331,0.27600541,0.29481649,1,0.016998686,-0.014633387,0.32920062,-0.0039357925,-0.0044785835,-0.0070699191
1.4,0,-20,0,0,2.171585,-1.0388075,1.9295631,0.49694322,0.38987867,-0.0092031424,0.32148486,0.34287162,1,0.019611054,-0.0171156,0.33121298,-0.0045789273,-0.0054025514,-0.0071350053
1.6,0,-20,0,0,2.1806395,-1.0370643,1.9205528,0.48325371,0.39009428,-0.011272472,0.36672328,0.39042941,1,0.022140483,-0.019540819,0.33350593,-0.0052318769,-0.006306849,-0.0072109706
-1.6,0,-19.5,0,0,2.5406628,-1.0310813,2.04596,0.62433004,0.38770422,-0.039050828,-0.40141206,-0.43887826,1,-0.028972264,0.024615069,0.40905209,0.0054324923,0.0094164702,-0.0066281423
-1.4,0,-19.5,0,0,2.5291337,-1.0328867,2.0556265,0.63940624,0.38747442,-0.036808118,-0.35187057,-0.38538613,1,-0.025599139,0.021557252,0.40621853,0.0047695817,0.0082319168,-0.006561636
-1.2,0,-19.5,0,0,2.5190679,-1.0344416,2.0640097,0.65250404,0.38727533,-0.034865385,-0.30207473,-0.33134793,1,-0.022124922,0.018447007,0.40374045,0.0041256326,0.007027606,-0.0065048538
-1,0,-19.5,0,0,2.5104967,-1.03575,2.071107,0.66360982,0.38710692,-0.033222229,-0.25206111,-0.27684095,1,-0.018561907,0.015291364,0.4016263,0.0034991,0.0058061453,-0.0064565662
-0.8,0,-19.5,0,0,2.503447,-1.0368157,2.0769166,0.67271204,0.38696918,-0.031878307,-0.20186619,-0.22194284,1,-0.016017345,0.012434879,0.40107353,0.0016458789,0.0056274041,-0.0052735667
-0.6,0,-19.5,0,0,2.4979409,-1.0376414,2.0814368,0.6798013,0.38686206,-0.030833332,-0.15152634,-0.16673149,1,-0.011235593,0.0093387997,0.39822218,0.0020216485,0.003527087,-0.0064734712
-0.4,0,-19.5,0,0,2.4939955,-1.0382296,2.0846664,0.68487028,0.38678557,-0.030087083,-0.10107788,-0.11128502,1,-0.0075050449,0.006872284,0.39673234,0.0013435591,0.0023495775,-0.0061839266
-0.2,0,-19.5,0,0,2.4916232,-1.0385819,2.0866046,0.68791376,0.38673967,-0.029639399,-0.050557036,-0.055681715,1,-0.0037476049,0.0039517361,0.39627701,0.00067028623,0.0013273465,-0.0061409391
0,0,-19.5,0,0,2.4908317,-1.0386992,2.0872507,0.6889286,0.38672438,-0.029490182,-1.2849155e-08,3.0570807e-08,1,2.2499517e-05,0.0010237553,0.39691441,-1.1705957e-07,0.00030382616,-0.0063603121
0.2,0,-19.5,0,0,2.4916232,-1.0385819,2.0866046,0.68791376,0.38673967,-0.029639401,0.050557011,0.055681776,1,0.003860405,-0.0019057849,0.39721499,-0.0006933223,-0.000719038,-0.0064763509
0.4,0,-19.5,0,0,2.4939955,-1.0382296,2.0846664,0.68487029,0.38678556,-0.030087087,0.10107785,0.11128508,1,0.0075734805,-0.0048316338,0.39731541,-0.0013524141,-0.0017386217,-0.0063098386
0.6,0,-19.5,0,0,2.4979409,-1.0376414,2.0814368,0.67980131,0.38686205,-0.030833338,0.15152632,0.16673155,1,0.01126693,-0.0077476223,0.39817585,-0.0020137213,-0.0027533682,-0.0062794335
0.8,0,-19.5,0,0,2.503447,-1.0368157,2.0769166,0.67271205,0.38696916,-0.031878314,0.20186616,0.2219429,1,0.0149465,-0.010648247,0.40102794,-0.0026922776,-0.0037610214,-0.0070426921
1,0,-19.5,0,0,2.5104967,-1.03575,2.071107,0.66360982,0.38710691,-0.033222239,0.25206108,0.27684102,1,0.01856861,-0.013527748,0.40167338,-0.0033777568,-0.0047596465,-0.0064313139
1.2,0,-19.5,0,0,2.5190679,-1.0344416,2.0640097,0.65250405,0.38727531,-0.034865397,0.3020747,0.33134799,1,0.022120301,-0.016380581,0.40323348,-0.0040721239,-0.0057471703,-0.0061623398
1.4,0,-19.5,0,0,2.5291337,-1.0328867,2.0556265,0.63940625,0.38747439,-0.036808131,0.35187055,0.3853862,1,0.025588498,-0.019201111,0.40574892,-0.0047772977,-0.0067216749,-0.0062529471
1.6,0,-19.5,0,0,2.5406628,-1.0310812,2.04596,0.62433005,0.3877042,-0.039050843,0.40141203,0.43887833,1,0.028960652,-0.021983778,0.40926059,-0.0054951833,-0.0076812577,-0.0067210987
-1.6,0,-19,0,0,2.9813329,-1.0257072,2.1826018,0.78118385,0.38535164,-0.067397245,-0.4391043,-0.49276367,1,-0.037441237,0.028649513,0.50311949,0.0055916152,0.010917696,-0.0051904876
-1.4,0,-19,0,0,2.9666961,-1.0275618,2.1929594,0.79778173,0.38510737,-0.06497012,-0.38488358,-0.43266782,1,-0.033080825,0.024403902,0.49864312,0.0049045337,0.0083457323,-0.0049367258
-1.2,0,-19,0,0,2.9539168,-1.0291575,2.2019405,0.81220033,0.38489578,-0.062867972,-0.33039542,-0.37197306,1,-0.028699885,0.021508665,0.4948753,0.0046547958,0.0075637304,-0.0052214767
-1,0,-19,0,0,2.9430351,-1.0304991,2.2095432,0.82442515,0.38471683,-0.061090226,-0.27567839,-0.31076427,1,-0.02397528,0.018191947,0.492382,0.0034936143,0.0064233669,-0.0058188926
-0.8,0,-19,0,0,2.9340849,-1.031591,2.2157659,0.83444393,0.38457047,-0.059636388,-0.2207709,-0.24912665,1,-0.019274781,0.01485023,0.49045293,0.0027787094,0.0052398172,-0.0072535107
-0.6,0,-19,0,0,2.9270944,-1.0324366,2.220607,0.84224668,0.38445667,-0.058506051,-0.1657112,-0.18714568,1,-0.014505023,0.011480003,0.48846121,0.0020741521,0.0040474101,-0.005616496
-0.4,0,-19,0,0,2.9220853,-1.0330386,2.2240658,0.8478256,0.3843754,-0.057698897,-0.11053746,-0.12490702,1,-0.0096838154,0.0080878696,0.4872398,0.0013776666,0.0028487114,-0.0056025325
-0.2,0,-19,0,0,2.9190736,-1.0333991,2.2261413,0.85117518,0.38432665,-0.057214697,-0.055287726,-0.062496476,1,-0.0048291082,0.0046804547,0.48650876,0.00068695363,0.0016462821,-0.0055945152
0,0,-19,0,0,2.9180686,-1.0335191,2.2268332,0.85229207,0.3843104,-0.057053313,-1.5209837e-08,2.9740462e-08,1,4.1079878e-05,0.0012644004,0.4862702,-3.0293862e-07,0.00044267228,-0.0055921126
0.2,0,-19,0,0,2.9190736,-1.0333991,2.2261413,0.85117518,0.38432665,-0.057214699,0.055287695,0.062496536,1,0.0049087384,-0.0021536427,0.48652452,-0.00068643014,-0.00075958424,-0.0055951525
0.4,0,-19,0,0,2.9220853,-1.0330386,2.2240658,0.84782561,0.3843754,-0.057698902,0.11053743,0.12490708,1,0.0097559368,-0.0055670238,0.48727045,-0.0013737603,-0.0019579758,-0.005603621
0.6,0,-19,0,0,2.9270944,-1.0324366,2.220607,0.84224668,0.38445666,-0.058506058,0.16571117,0.18714574,1,0.014564897,-0.0089690987,0.48850504,-0.0020646259,-0.0031500185,-0.0056176621
0.8,0,-19,0,0,2.934085,-1.031591,2.2157659,0.83444394,0.38457046,-0.059636397,0.22077087,0.24912671,1,0.019318062,-0.012353238,0.49022367,-0.0027613544,-0.0043332616,-0.0056375771
1,0,-19,0,0,2.9430351,-1.0304991,2.2095432,0.82442516,0.38471681,-0.061090237,0.27567836,0.31076433,1,0.023998167,-0.015712837,0.4924201,-0.0034662643,-0.0055052931,-0.0056638231
1.2,0,-19,0,0,2.9539169,-1.0291574,2.2019405,0.81220034,0.38489576,-0.062867986,0.33039539,0.37197312,1,0.028588305,-0.019041318,0.49508647,-0.0041816603,-0.006663745,-0.0056970131
1.4,0,-19,0,0,2.9666961,-1.0275618,2.1929594,0.79778174,0.38510734,-0.064970135,0.38488355,0.43266789,1,0.033071992,-0.022332147,0.4982133,-0.0049098297,-0.007806299,-0.0057379148
1.6,0,-19,0,0,2.9813329,-1.0257072,2.1826018,0.78118386,0.38535161,-0.067397263,0.43910428,0.49276374,1,0.03743323,-0.025578832,0.50178959,-0.0056530381,-0.0089306916,-0.0057874507
-1.6,0,-18.5,0,0,3.520352,-1.0211476,2.3314561,0.95557815,0.38302669,-0.096256854,-0.48004191,-0.55269519,1,-0.048182769,0.032715125,0.61480924,0.0058220972,0.011760385,-0.0047979993
-1.4,0,-18.5,0,0,3.5018109,-1.0230334,2.3425384,0.97384379,0.38276784,-0.093634302,-0.42073466,-0.48525019,1,-0.04249375,0.029012176,0.61023898,0.0050000591,0.010431887,-0.0046426903
-1.2,0,-18.5,0,0,3.4856228,-1.0246539,2.3521464,0.98970962,0.38254367,-0.091363277,-0.36114751,-0.41714924,1,-0.036720062,0.025137854,0.60638888,0.0042490811,0.009097128,-0.0047248881
-1,0,-18.5,0,0,3.4718385,-1.0260151,2.3602786,1.0031603,0.3823541,-0.08944299,-0.30132095,-0.34848546,1,-0.0308057,0.021305627,0.60297097,0.0035529815,0.0076600406,-0.0046345701
-0.8,0,-18.5,0,0,3.4605008,-1.0271219,2.3669338,1.014183,0.38219907,-0.087872771,-0.24129522,-0.27935224,1,-0.024760868,0.017410149,0.60020999,0.0028227923,0.0062624245,-0.0046215171
-0.6,0,-18.5,0,0,3.4516456,-1.0279785,2.3721111,1.022767,0.38207854,-0.086652067,-0.18111041,-0.20984323,1,-0.01862914,0.013481237,0.59805554,0.0021049188,0.0048545335,-0.0046126453
-0.4,0,-18.5,0,0,3.4453004,-1.0285881,2.3758096,1.0289043,0.38199247,-0.085780446,-0.12080643,-0.14005221,1,-0.012433018,0.0095266034,0.59651442,0.0013966519,0.0034394604,-0.0046072031
-0.2,0,-18.5,0,0,3.4414853,-1.0289529,2.3780289,1.032589,0.38194084,-0.085257598,-0.060423059,-0.070073119,1,-0.0061951697,0.0055539951,0.59559138,0.00069526006,0.002020292,-0.004604626
0,0,-18.5,0,0,3.4402123,-1.0290743,2.3787688,1.0338177,0.38192363,-0.085083337,-1.7995002e-08,2.8319795e-08,1,6.1665155e-05,0.0015711851,0.59528901,-2.0035482e-06,0.0006001012,-0.0046045362
0.2,0,-18.5,0,0,3.4414853,-1.0289529,2.378029,1.032589,0.38194084,-0.085257601,0.060423023,0.070073175,1,0.0063147593,-0.0024140377,0.59560785,-0.00069789432,-0.00081805966,-0.0046067408
0.4,0,-18.5,0,0,3.4453004,-1.0285881,2.3758096,1.0289043,0.38199247,-0.085780451,0.12080639,0.14005227,1,0.012541486,-0.0063938794,0.59654631,-0.0013951701,-0.0022311666,-0.0046112301
0.6,0,-18.5,0,0,3.4516456,-1.0279785,2.3721111,1.022767,0.38207853,-0.086652075,0.18111038,0.20984329,1,0.018719403,-0.010360551,0.59810072,-0.0020965859,-0.0036362307,-0.0046181766
0.8,0,-18.5,0,0,3.4605009,-1.0271219,2.3669338,1.014183,0.38219905,-0.087872781,0.24129519,0.2793523,1,0.024826336,-0.014306278,0.60026536,-0.0028048889,-0.0050303054,-0.0046279326
1,0,-18.5,0,0,3.4718385,-1.0260151,2.3602786,1.0031603,0.38235408,-0.089443003,0.30132091,0.34848552,1,0.030840461,-0.018223313,0.60303243,-0.0035228146,-0.0064104927,-0.004641029
1.2,0,-18.5,0,0,3.4856229,-1.0246539,2.3521464,0.98970964,0.38254365,-0.091363292,0.36114748,0.4171493,1,0.036740378,-0.02210394,0.60639215,-0.0042530824,-0.0077739506,-0.0046581739
1.4,0,-18.5,0,0,3.5018109,-1.0230334,2.3425384,0.97384381,0.38276782,-0.093634321,0.42073463,0.48525026,1,0.042505194,-0.025940492,0.61033273,-0.0049983932,-0.0091178992,-0.0046802521
1.6,0,-18.5,0,0,3.5203521,-1.0211475,2.3314561,0.95557817,0.38302665,-0.096256875,0.48004187,0.55269525,1,0.048114592,-0.029725351,0.61484043,-0.0057614254,-0.010439628,-0.0047083237
-1.6,0,-18,0,0,4.1793154,-1.0176479,2.4935811,1.1494764,0.38071816,-0.12556554,-0.52448208,-0.61934938,1,-0.0617084,0.038262194,0.75271759,0.0058974552,0.014006228,-0.0033183423
-1.4,0,-18,0,0,4.1558653,-1.019541,2.5054197,1.1695671,0.38044483,-0.12273677,-0.45964774,-0.54372508,1,-0.054462103,0.033896066,0.74701702,0.0050975149,0.012408159,-0.003315969
-1.2,0,-18,0,0,4.1353914,-1.0211654,2.5156814,1.1870161,0.38020816,-0.12028759,-0.39452206,-0.46738363,1,-0.047024078,0.029463483,0.74204002,0.0043216007,0.010786808,-0.0033178288
-1,0,-18,0,0,4.1179576,-1.0225281,2.5243656,1.2018074,0.38000804,-0.11821699,-0.32914736,-0.39042703,1,-0.039421451,0.024973299,0.73780279,0.0035666102,0.0091459019,-0.0033223966
-0.8,0,-18,0,0,4.1036186,-1.023635,2.5314715,1.2139277,0.37984441,-0.11652406,-0.26356562,-0.31295753,1,-0.031681868,0.020434462,0.73431904,0.0028293918,0.0074891925,-0.00332837
-0.6,0,-18,0,0,4.0924191,-1.0244909,2.5369987,1.2233659,0.3797172,-0.1152081,-0.19781858,-0.2350775,1,-0.023833375,0.015855999,0.73159988,0.0021067553,0.0058204413,-0.0033346697
-0.4,0,-18,0,0,4.0843943,-1.0250995,2.540947,1.2301135,0.37962638,-0.11426853,-0.13194775,-0.15688948,1,-0.015904318,0.011246999,0.72965383,0.001395482,0.0041434114,-0.0033404381
-0.2,0,-18,0,0,4.0795693,-1.0254636,2.543316,1.2341645,0.37957189,-0.11370496,-0.06599448,-0.078496081,1,-0.007923233,0.0066166032,0.72848682,0.00069233439,0.0024618569,-0.0033450374
0,0,-18,0,0,4.0779593,-1.0255848,2.5441057,1.2355152,0.37955373,-0.11351713,-2.1260604e-08,2.6160634e-08,1,8.126292e-05,0.0019739865,0.72810214,-5.9355923e-06,0.0007795133,-0.0033480473
0.2,0,-18,0,0,4.0795693,-1.0254636,2.543316,1.2341645,0.37957189,-0.11370496,0.065994438,0.078496134,1,0.0080805724,-0.0026716525,0.72850048,-0.00070257881,-0.00089991168,-0.0033492617
0.4,0,-18,0,0,4.0843943,-1.0250995,2.540947,1.2301135,0.37962637,-0.11426854,0.13194771,0.15688954,1,0.016046222,-0.0073111076,0.72967991,-0.0014008425,-0.0025727475,-0.0033486855
0.6,0,-18,0,0,4.0924191,-1.0244908,2.5369987,1.2233659,0.37971719,-0.11520811,0.19781854,0.23507756,1,0.023949961,-0.011935178,0.73163593,-0.0021039648,-0.0042353694,-0.003346531
0.8,0,-18,0,0,4.1036186,-1.023635,2.5314715,1.2139277,0.37984439,-0.11652407,0.26356558,0.31295758,1,0.031763863,-0.016534681,0.73436144,-0.0028151704,-0.005884207,-0.0033432147
1,0,-18,0,0,4.1179577,-1.0225281,2.5243656,1.2018074,0.38000802,-0.118217,0.32914732,0.39042709,1,0.039460415,-0.021100464,0.73784679,-0.0035376669,-0.0075157525,-0.0033393543
1.2,0,-18,0,0,4.1353914,-1.0211654,2.5156815,1.1870161,0.38020813,-0.12028761,0.39452202,0.46738368,1,0.047012614,-0.02562342,0.74207982,-0.0042746424,-0.009126569,-0.0033357662
1.4,0,-18,0,0,4.1558653,-1.019541,2.5054197,1.1695671,0.3804448,-0.12273679,0.4596477,0.54372514,1,0.054394055,-0.030094494,0.7470459,-0.0050292634,-0.010713299,-0.0033334638
1.6,0,-18,0,0,4.1793155,-1.0176479,2.4935811,1.1494764,0.38071813,-0.12556557,0.52448204,0.61934944,1,0.061579015,-0.034504699,0.75272794,-0.0058046736,-0.012272671,-0.0033336564
-1.6,0,-17.5,0,0,4.9845712,-1.0155008,2.6701216,1.3650654,0.37841344,-0.15524929,-0.57269697,-0.69347578,1,-0.078392687,0.041608338,0.92059918,0.0058055345,0.012943658,-0.0016778244
-1.4,0,-17.5,0,0,4.9549412,-1.0173701,2.6827444,1.3871492,0.37812597,-0.15220393,-0.5018594,-0.60874769,1,-0.069343063,0.036814035,0.91675679,0.005004977,0.01148916,-0.0021808312
-1.2,0,-17.5,0,0,4.9290723,-1.018971,2.6936836,1.4063265,0.37787709,-0.14956773,-0.43072072,-0.52323732,1,-0.060053489,0.031949513,0.91098829,0.0042322942,0.010019542,-0.0026798063
-1,0,-17.5,0,0,4.9070451,-1.0203119,2.7029392,1.4225809,0.37766669,-0.14733936,-0.35932486,-0.43705621,1,-0.050555948,0.027021909,0.90172595,0.0034838647,0.0085374104,-0.0018219852
-0.8,0,-17.5,0,0,4.8889283,-1.0213995,2.7105115,1.4358987,0.37749467,-0.14551769,-0.28771534,-0.35031603,1,-0.037997889,0.021636294,0.89873251,0.0032846302,0.0076980144,-0.0029167895
-0.6,0,-17.5,0,0,4.8747784,-1.0222395,2.7164007,1.4462685,0.37736096,-0.1441018,-0.21593532,-0.26312851,1,-0.030324828,0.016615936,0.89428693,0.0020532559,0.00609473,-0.001810743
-0.4,0,-17.5,0,0,4.8646397,-1.0228363,2.7206072,1.4536817,0.3772655,-0.14309097,-0.14402768,-0.17560543,1,-0.019632987,0.011180815,0.89454868,0.0016495108,0.0045651158,-0.0033317174
-0.2,0,-17.5,0,0,4.8585438,-1.0231932,2.723131,1.4581321,0.37720823,-0.14248468,-0.072035074,-0.087858638,1,-0.010385323,0.0046774891,0.89131573,0.0006720895,0.002288158,-0.0018945053
0,0,-17.5,0,0,4.8565097,-1.0233119,2.7239722,1.459616,0.37718915,-0.14228262,-2.5063158e-08,2.3090897e-08,1,0.00033892583,0.00054913088,0.89016525,0.00030388565,0.0014959899,-0.002032688
0.2,0,-17.5,0,0,4.8585438,-1.0231932,2.723131,1.4581321,0.37720823,-0.14248469,0.072035024,0.087858684,1,0.010361732,-0.0046589661,0.89085787,-0.00070785685,0.00015346431,-0.0015093717
0.4,0,-17.5,0,0,4.8646397,-1.0228363,2.7206072,1.4536817,0.37726549,-0.14309098,0.14402763,0.17560548,1,0.020790084,-0.009483267,0.89177128,-0.0013739844,-0.0014905417,-0.0027705663
0.6,0,-17.5,0,0,4.8747785,-1.0222395,2.7164007,1.4462685,0.37736095,-0.14410182,0.21593527,0.26312856,1,0.030504861,-0.01508691,0.89438472,-0.0020625482,-0.0031033893,-0.0017481896
0.8,0,-17.5,0,0,4.8889283,-1.0213994,2.7105115,1.4358987,0.37749465,-0.14551771,0.28771529,0.35031608,1,0.040442297,-0.020220465,0.89732469,-0.002757535,-0.0047252492,-0.0025155054
1,0,-17.5,0,0,4.9070451,-1.0203118,2.7029392,1.422581,0.37766666,-0.14733937,0.35932481,0.43705627,1,0.049479302,-0.024117998,0.90118233,-0.0033791295,-0.0059340101,-0.0014692623
1.2,0,-17.5,0,0,4.9290723,-1.018971,2.6936836,1.4063265,0.37787706,-0.14956775,0.43072067,0.52323737,1,0.060309626,-0.029459934,0.91082884,-0.0042579814,-0.0076921933,-0.0022121409
1.4,0,-17.5,0,0,4.9549413,-1.01737,2.6827444,1.3871492,0.37812593,-0.15220395,0.50185935,0.60874775,1,0.069353123,-0.034770262,0.91418716,-0.0050124986,-0.0094400622,-0.0014231887
1.6,0,-17.5,0,0,4.9845712,-1.0155008,2.6701216,1.3650655,0.3784134,-0.15524931,0.57269693,0.69347584,1,0.078149673,-0.040037938,0.92131958,-0.0057913686,-0.011173978,-0.0013781312
-1.6,0,-17,0,0,5.9682681,-1.0150539,2.862314,1.6047808,0.37609843,-0.1852235,-0.62497254,-0.77590274,1,-0.099629643,0.04756779,1.1282244,0.0056971725,0.015230959,0.00031415435
-1.4,0,-17,0,0,5.9308462,-1.0168593,2.8757437,1.6290357,0.37579748,-0.18195193,-0.54761787,-0.68104154,1,-0.08976871,0.042026178,1.1180596,0.0043245367,0.013338166,0.00099382249
-1.2,0,-17,0,0,5.8981755,-1.0184019,2.8873791,1.6500948,0.37553698,-0.17912046,-0.46995474,-0.58532948,1,-0.076481698,0.037380115,1.1086143,0.0040772145,0.011308966,0.00040931587
-1,0,-17,0,0,5.8703576,-1.0196909,2.8972216,1.6679416,0.37531679,-0.17672744,-0.39202843,-0.48888825,1,-0.064061142,0.030289734,1.1040106,0.0033617932,0.0098924678,0.00041507903
-0.8,0,-17,0,0,5.8474788,-1.0207346,2.9052725,1.6825622,0.37513679,-0.17477144,-0.31388366,-0.39183947,1,-0.051505614,0.024457588,1.1006247,0.0026637495,0.0082381179,6.9231744e-05
-0.6,0,-17,0,0,5.8296102,-1.0215395,2.9115331,1.6939453,0.37499689,-0.17325131,-0.23556468,-0.29430474,1,-0.038771573,0.018586932,1.093016,0.0019831314,0.0065740052,0.00023871708
-0.4,0,-17,0,0,5.8168071,-1.0221107,2.9160042,1.7020823,0.37489702,-0.17216616,-0.15711539,-0.19640558,1,-0.026908482,0.013103433,1.087839,0.0013929845,0.0047557204,0.00030602065
-0.2,0,-17,0,0,5.8091093,-1.022452,2.9186866,1.706967,0.37483711,-0.17151532,-0.078579365,-0.098263508,1,-0.012945119,0.0067686211,1.0853099,0.0006567742,0.0032265106,0.00019700589
0,0,-17,0,0,5.8065407,-1.0225655,2.9195807,1.7085956,0.37481714,-0.17129842,-2.9457169e-08,1.8915844e-08,1,0.0016912345,0.00084021646,1.0872378,-0.00012371238,0.0015480981,9.1634701e-05
0.2,0,-17,0,0,5.8091093,-1.022452,2.9186866,1.706967,0.3748371,-0.17151533,0.078579306,0.098263546,1,0.013060858,-0.0050881757,1.0860462,-0.00065217019,-0.0001301304,0.00067249803
0.4,0,-17,0,0,5.8168071,-1.0221107,2.9160042,1.7020823,0.374897,-0.17216617,0.15711533,0.19640562,1,0.026018799,-0.011756713,1.0887255,-0.0013110449,-0.0014897852,0.00086461475
0.6,0,-17,0,0,5.8296102,-1.0215395,2.9115331,1.6939453,0.37499687,-0.17325133,0.23556463,0.29430478,1,0.038886847,-0.016906249,1.0930788,-0.0019786917,-0.0034761857,7.0092724e-05
0.8,0,-17,0,0,5.8474788,-1.0207346,2.9052725,1.6825622,0.37513677,-0.17477146,0.3138836,0.39183951,1,0.051620361,-0.022776498,1.099639,-0.0026594891,-0.0051390882,-0.00023158188
1,0,-17,0,0,5.8703576,-1.0196909,2.8972216,1.6679416,0.37531676,-0.17672746,0.39202838,0.48888829,1,0.064175046,-0.028607847,1.1067554,-0.0033578144,-0.0067919507,1.2644785e-05
1.2,0,-17,0,0,5.8981756,-1.0184018,2.8873791,1.6500948,0.37553694,-0.17912049,0.46995469,0.58532953,1,0.076507081,-0.035280394,1.1076444,-0.0040780421,-0.0081447995,0.00019120262
1.4,0,-17,0,0,5.9308462,-1.0168593,2.8757437,1.6290357,0.37579744,-0.18195196,0.54761781,0.68104159,1,0.090585409,-0.039348269,1.1149899,-0.0047363187,-0.0096657581,0.00033341395
1.6,0,-17,0,0,5.9682682,-1.0150538,2.862314,1.6047808,0.37609838,-0.18522353,0.62497248,0.7759028,1,0.10259075,-0.04821152,1.1288495,-0.0057079184,-0.011586737,0.00041718102
-1.6,0,-16.5,0,0,7.169632,-1.0167185,3.0714924,1.8713344,0.37375756,-0.21539249,-0.68160647,-0.86754261,1,-0.12721663,0.054501601,1.3758038,0.0051703825,0.017108328,0.0030218197
-1.4,0,-16.5,0,0,7.1223666,-1.0184097,3.0857439,1.8979467,0.37344418,-0.21188617,-0.59718108,-0.76140283,1,-0.11133927,0.046522146,1.3652172,0.0051244573,0.014376845,0.0031545141
-1.2,0,-16.5,0,0,7.0811042,-1.0198495,3.0980875,1.9210479,0.37317297,-0.20885213,-0.51244327,-0.6543409,1,-0.097161491,0.041501435,1.3551495,0.0038085745,0.01329307,0.0030089627
-1,0,-16.5,0,0,7.0459726,-1.0210491,3.1085262,1.9406218,0.37294376,-0.20628835,-0.42743931,-0.54648925,1,-0.081464,0.034845987,1.3465743,0.0031282158,0.011387609,0.0028824816
-0.8,0,-16.5,0,0,7.01708,-1.0220178,3.117063,1.956655,0.37275642,-0.20419308,-0.34221466,-0.43797994,1,-0.065489885,0.028136133,1.3395233,0.0024730739,0.0094686169,0.0027769468
-0.6,0,-16.5,0,0,6.9945154,-1.0227633,3.1237002,1.9691364,0.37261083,-0.20256491,-0.2568142,-0.32894478,1,-0.04929379,0.02138283,1.334018,0.0018380942,0.0075389333,0.0026936647
-0.4,0,-16.5,0,0,6.9783481,-1.0232915,3.1284397,1.9780577,0.3725069,-0.20140273,-0.1712823,-0.21951543,1,-0.032930879,0.014597003,1.3300753,0.0012182152,0.0056013672,0.0026336372
-0.2,0,-16.5,0,0,6.9686279,-1.0236068,3.1312829,1.9834128,0.37244456,-0.20070574,-0.08566299,-0.10982338,1,-0.016456712,0.0077895625,1.3277071,0.00060836999,0.0036587028,0.0025975649
0,0,-16.5,0,0,6.9653844,-1.0237116,3.1322305,1.9851983,0.37242379,-0.20047346,-3.4491801e-08,1.3422646e-08,1,7.2884885e-05,0.00097141678,1.3269204,3.4876054e-06,0.0017137064,0.0025858499
0.2,0,-16.5,0,0,6.9686279,-1.0236068,3.1312829,1.9834128,0.37244456,-0.20070574,0.085662921,0.1098234,1,0.016601943,-0.0058465082,1.3277176,-0.00060150641,-0.00023086761,0.0025985969
0.4,0,-16.5,0,0,6.9783482,-1.0232915,3.1284397,1.9780577,0.37250689,-0.20140274,0.17128223,0.21951546,1,0.033074472,-0.012653255,1.330096,-0.0012116897,-0.0021722704,0.0026356145
0.6,0,-16.5,0,0,6.9945155,-1.0227633,3.1237002,1.9691364,0.37261081,-0.20256493,0.25681413,0.32894481,1,0.049434582,-0.019437818,1.334048,-0.0018321429,-0.0041077524,0.0026964149
0.8,0,-16.5,0,0,7.0170801,-1.0220178,3.117063,1.956655,0.37275639,-0.2041931,0.34221459,0.43797997,1,0.06562661,-0.02618913,1.3395614,-0.0024679499,-0.0060345573,0.002780213
1,0,-16.5,0,0,7.0459727,-1.021049,3.1085262,1.9406219,0.37294373,-0.20628837,0.42743924,0.54648929,1,0.081595242,-0.032896043,1.3466188,-0.0031241979,-0.007949916,0.0028859246
1.2,0,-16.5,0,0,7.0811043,-1.0198494,3.0980875,1.921048,0.37317293,-0.20885216,0.51244321,0.65434094,1,0.097285647,-0.039547318,1.3551981,-0.0038059773,-0.0098510415,0.003012164
1.4,0,-16.5,0,0,7.1223667,-1.0184096,3.0857439,1.8979468,0.37344413,-0.21188621,0.59718101,0.76140287,1,0.11264361,-0.046131606,1.3652724,-0.0045183815,-0.011735123,0.0031572405
1.6,0,-16.5,0,0,7.1696321,-1.0167185,3.0714924,1.8713344,0.37375751,-0.21539253,0.6816064,0.86754266,1,0.12761548,-0.052637417,1.3768095,-0.0052664938,-0.013599302,0.0033191511
-1.6,0,-16,0,0,8.6365174,-1.0209805,3.2990936,2.1677447,0.37137379,-0.24564912,-0.74290509,-0.96939633,1,-0.16212588,0.06273167,1.6822672,0.0047333294,0.019685347,0.0066293303
-1.4,0,-16,0,0,8.5767871,-1.0224939,3.3141708,2.1969061,0.37104949,-0.24190093,-0.65081366,-0.85070385,1,-0.14304839,0.055252777,1.667617,0.0040405605,0.017512385,0.0063850315
-1.2,0,-16,0,0,8.5246484,-1.0237757,3.327225,2.2222141,0.37076889,-0.2386583,-0.55841067,-0.73101674,1,-0.12349359,0.047687245,1.6548312,0.003388585,0.015318076,0.0061685102
-1,0,-16,0,0,8.4802593,-1.0248387,3.3382612,2.2436532,0.37053178,-0.23591874,-0.46574268,-0.61047835,1,-0.10352763,0.040047679,1.643948,0.0027715254,0.013105721,0.005981869
-0.8,0,-16,0,0,8.4437558,-1.0256937,3.3472842,2.261211,0.37033801,-0.23368015,-0.37285533,-0.48923149,1,-0.083218364,0.032346616,1.6350001,0.0021835223,0.01087857,0.0058269028
-0.6,0,-16,0,0,8.4152488,-1.0263496,3.3542979,2.2748774,0.37018743,-0.23194082,-0.27979341,-0.36741848,1,-0.062633905,0.024596496,1.6280138,0.0016187113,0.0086397902,0.0057050515
-0.4,0,-16,0,0,8.3948247,-1.0268132,3.3593055,2.2846446,0.37007996,-0.23069941,-0.18660113,-0.24518119,1,-0.041842872,0.01680971,1.6230098,0.0010712317,0.0063925074,0.0056174159
-0.2,0,-16,0,0,8.3825454,-1.0270893,3.3623091,2.2905071,0.3700155,-0.22995494,-0.09332221,-0.12266124,1,-0.020914255,0.0089986257,1.6200024,0.00053522656,0.0041398116,0.0055647628
0,0,-16,0,0,8.3784482,-1.027181,3.3633102,2.2924617,0.36999401,-0.22970685,-4.0207107e-08,6.3897905e-09,1,8.2697346e-05,0.0011756091,1.6190004,4.8407667e-06,0.0018847691,0.0055475284
0.2,0,-16,0,0,8.3825455,-1.0270893,3.3623091,2.2905071,0.37001549,-0.22995495,0.093322129,0.12266125,1,0.021078597,-0.0066469555,1.6200066,-0.00052578054,-0.00036956929,0.0055658204
0.4,0,-16,0,0,8.3948247,-1.0268131,3.3593055,2.2846446,0.37007994,-0.23069942,0.18660105,0.24518121,1,0.042004024,-0.014456643,1.6230177,-0.0010624942,-0.0026201583,0.0056194194
0.6,0,-16,0,0,8.4152488,-1.0263496,3.3542979,2.2748774,0.37018741,-0.23194084,0.27979333,0.36741849,1,0.062789644,-0.022240964,1.6280246,-0.0016111618,-0.0048639491,0.0057077786
0.8,0,-16,0,0,8.4437559,-1.0256937,3.3472842,2.261211,0.37033798,-0.23368018,0.37285525,0.48923151,1,0.083366321,-0.029987347,1.6350125,-0.0021776516,-0.0070978799,0.0058300229
1,0,-16,0,0,8.4802594,-1.0248387,3.3382612,2.2436532,0.37053174,-0.23591877,0.4657426,0.61047837,1,0.10366523,-0.037683115,1.6439604,-0.0027678421,-0.0093188668,0.0059849458
1.2,0,-16,0,0,8.5246485,-1.0237757,3.327225,2.2222141,0.37076885,-0.23865834,0.55841059,0.73101677,1,0.123618,-0.045315461,1.6548412,-0.0033876236,-0.011523795,0.0061710068
1.4,0,-16,0,0,8.5767872,-1.0224938,3.3141709,2.1969062,0.37104944,-0.24190097,0.65081358,0.85070388,1,0.14315647,-0.052871401,1.667622,-0.0040428917,-0.01370948,0.006386315
1.6,0,-16,0,0,8.6365175,-1.0209804,3.2990936,2.1677448,0.37137374,-0.24564917,0.74290501,0.96939636,1,0.16221408,-0.060337804,1.6822639,-0.0047395739,-0.015872701,0.0066286787
-1.6,0,-15.5,0,0,10.427287,-1.0284109,3.5466615,2.4973694,0.36892867,-0.27587453,-0.8091785,-1.0825561,1,-0.20613585,0.071951806,2.0548806,0.0039611075,0.022728299,0.010651413
-1.4,0,-15.5,0,0,10.351731,-1.029668,3.5625536,2.5292725,0.36859551,-0.27187921,-0.70878253,-0.94989502,1,-0.18184077,0.063387294,2.0362341,0.0033501786,0.020200977,0.010306684
-1.2,0,-15.5,0,0,10.285787,-1.0307232,3.5763074,2.5569519,0.3683073,-0.26842359,-0.60808244,-0.81616767,1,-0.15695449,0.054724686,2.0199659,0.0027861189,0.0176504,0.010002669
-1,0,-15.5,0,0,10.229651,-1.0315914,3.5879309,2.5803943,0.36806381,-0.26550463,-0.5071242,-0.68152834,1,-0.13155039,0.045978311,2.0061108,0.0022620565,0.015080236,0.0097422403
-0.8,0,-15.5,0,0,10.183493,-1.0322848,3.5974312,2.5995888,0.36786485,-0.26311988,-0.4059528,-0.54613078,1,-0.10574154,0.037162503,1.9947415,0.0017713682,0.012494148,0.0095256662
-0.6,0,-15.5,0,0,10.147449,-1.0328137,3.6048141,2.6145265,0.36771026,-0.26126718,-0.30461183,-0.41012725,1,-0.07958282,0.028291169,1.985856,0.0013071202,0.0098954535,0.0093561835
-0.4,0,-15.5,0,0,10.121626,-1.0331858,3.6100842,2.6252009,0.36759993,-0.25994496,-0.20314448,-0.27366998,1,-0.053169331,0.019378487,1.9794905,0.00086263305,0.0072876945,0.0092344276
-0.2,0,-15.5,0,0,10.106101,-1.0334068,3.6132449,2.6316074,0.36753376,-0.25915209,-0.10159319,-0.1369105,1,-0.026586342,0.010438486,1.9756624,0.00043118061,0.0046742695,0.0091612257
0,0,-15.5,0,0,10.100921,-1.0334801,3.6142982,2.6337432,0.3675117,-0.25888788,-4.663004e-08,-2.3965899e-09,1,8.0676186e-05,0.0014851817,1.9743823,6.0469146e-06,0.0020585434,0.0091370442
0.2,0,-15.5,0,0,10.106101,-1.0334068,3.6132449,2.6316074,0.36753375,-0.2591521,0.1015931,0.1369105,1,0.02674613,-0.0074673865,1.9756535,-0.00041947884,-0.00055613859,0.0091619919
0.4,0,-15.5,0,0,10.121626,-1.0331858,3.6100842,2.6252009,0.36759991,-0.25994498,0.20314438,0.27366998,1,0.053324389,-0.016405131,1.9794722,-0.00085210798,-0.0031664375,0.0092358213
0.6,0,-15.5,0,0,10.147449,-1.0328136,3.6048141,2.6145265,0.36771024,-0.2612672,0.30461174,0.41012725,1,0.079729868,-0.025313886,1.9858277,-0.0012985582,-0.0057690073,0.0093579288
0.8,0,-15.5,0,0,10.183493,-1.0322848,3.5974312,2.5995888,0.36786482,-0.26311991,0.40595271,0.54613078,1,0.10587711,-0.034179375,1.9947018,-0.0017655596,-0.0083604812,0.0095273525
1,0,-15.5,0,0,10.229651,-1.0315914,3.5879309,2.5803943,0.36806377,-0.26550466,0.5071241,0.68152835,1,0.13167076,-0.042987072,2.0060582,-0.0022597982,-0.010937361,0.0097433268
1.2,0,-15.5,0,0,10.285787,-1.0307232,3.5763074,2.556952,0.36830725,-0.26842363,0.60808235,0.81616768,1,0.15705559,-0.051722623,2.0198981,-0.0027882197,-0.013496385,0.01000249
1.4,0,-15.5,0,0,10.351731,-1.0296679,3.5625536,2.5292726,0.36859545,-0.27187926,0.70878243,0.94989504,1,0.18191813,-0.060371144,2.0361485,-0.0033574662,-0.01603396,0.010304457
1.6,0,-15.5,0,0,10.427287,-1.0284109,3.5466615,2.4973694,0.3689286,-0.27587458,0.80917841,1.0825561,1,0.20618453,-0.068917659,2.054774,-0.0039744384,-0.018546502,0.010646248
-1.6,0,-15,0,0,12.613073,-1.0396794,3.8158496,2.863938,0.36640234,-0.30593786,-0.88073283,-1.2082043,1,-0.26218157,0.073134799,2.5239837,0.0028410238,0.02602653,0.014690871
-1.4,0,-15,0,0,12.517372,-1.0405832,3.8325263,2.898771,0.36606308,-0.30169281,-0.77135058,-1.0600045,1,-0.23123961,0.063636804,2.5006198,0.0023536318,0.023159023,0.01373937
-1.2,0,-15,0,0,12.433858,-1.0413277,3.8469516,2.9289818,0.36576963,-0.29802194,-0.66168006,-0.91066984,1,-0.19956906,0.054060295,2.4800876,0.0019196766,0.020267322,0.012903138
-1,0,-15,0,0,12.362778,-1.0419294,3.8591373,2.9545606,0.36552176,-0.29492178,-0.55176571,-0.76036575,1,-0.16727443,0.044419632,2.4624306,0.0015313627,0.017355383,0.012185058
-0.8,0,-15,0,0,12.304337,-1.0424026,3.8690932,2.975499,0.36531924,-0.29238932,-0.44165045,-0.60925605,1,-0.13445882,0.034728661,2.4476841,0.0011808927,0.014426883,0.011587699
-0.6,0,-15,0,0,12.258709,-1.0427586,3.8768282,2.991791,0.3651619,-0.29042221,-0.33137598,-0.45750348,1,-0.10122822,0.025001091,2.4358783,0.00086058538,0.011485579,0.011113386
-0.4,0,-15,0,0,12.226022,-1.0430065,3.8823483,3.0034313,0.36504962,-0.28901844,-0.22098283,-0.30526936,1,-0.067684915,0.01524993,2.427035,0.00056270941,0.0085347971,0.01076416
-0.2,0,-15,0,0,12.206372,-1.0431528,3.8856584,3.0104169,0.36498228,-0.28817672,-0.11051104,-0.15271474,1,-0.033934245,0.0054883271,2.4211714,0.00027962958,0.0055781259,0.01054182
0,0,-15,0,0,12.199815,-1.0432011,3.8867615,3.0127456,0.36495984,-0.28789624,-5.3770656e-08,-1.3117454e-08,1,-4.8766876e-05,-0.0042708725,2.4182975,2.26169e-05,0.0026190109,0.010447919
0.2,0,-15,0,0,12.206372,-1.0431527,3.8856584,3.0104169,0.36498227,-0.28817673,0.11051093,0.15271472,1,0.033785427,-0.013853308,2.4185283,-0.00028358951,-0.00051346982,0.010378735
0.4,0,-15,0,0,12.226022,-1.0430065,3.8823483,3.0034313,0.3650496,-0.28901845,0.22098272,0.30526933,1,0.067546764,-0.023665377,2.4131633,-0.000564048,-0.0034738568,0.013655022
0.6,0,-15,0,0,12.258709,-1.0427586,3.8768282,2.991791,0.36516188,-0.29042223,0.33137587,0.45750346,1,0.10110213,-0.033438531,2.4283804,-0.00086007289,-0.0064261558,0.010706376
0.8,0,-15,0,0,12.304337,-1.0424025,3.8690933,2.975499,0.3653192,-0.29238935,0.44165034,0.60925603,1,0.13434591,-0.043159333,2.4326009,-0.0011793476,-0.0093667489,0.014050651
1,0,-15,0,0,12.362778,-1.0419294,3.8591373,2.9545606,0.36552171,-0.29492181,0.5517656,0.76036574,1,0.16717539,-0.052814592,2.4510894,-0.0015296601,-0.012292276,0.011729068
1.2,0,-15,0,0,12.433858,-1.0413276,3.8469516,2.9289819,0.36576958,-0.29802198,0.66167995,0.91066983,1,0.19948392,-0.062390517,2.4647641,-0.0019187586,-0.015198945,0.01469818
1.4,0,-15,0,0,12.517372,-1.0405831,3.8325263,2.8987711,0.36606302,-0.30169286,0.77135047,1.0600045,1,0.23116754,-0.071873275,2.486881,-0.0023545198,-0.018083046,0.013449826
1.6,0,-15,0,0,12.613073,-1.0396793,3.8158496,2.8639381,0.36640228,-0.30593792,0.88073273,1.2082043,1,0.26212073,-0.081248604,2.5097118,-0.0028448336,-0.020940586,0.014568406
-1.6,0,-14.5,0,0,15.280498,-1.0555675,4.1084222,3.2715879,0.36377383,-0.33569686,-0.95786113,-1.3476109,1,-0.33382749,0.081900019,3.063173,0.0013958427,0.030002903,0.021425628
-1.4,0,-14.5,0,0,15.159076,-1.0559999,4.125827,3.3095247,0.36343197,-0.33120238,-0.83876757,-1.1821337,1,-0.29432967,0.071135703,3.0327586,0.0010718876,0.026663614,0.020802281
-1.2,0,-14.5,0,0,15.053141,-1.0563308,4.1408731,3.3424144,0.36313632,-0.3273167,-0.71941281,-1.0154604,1,-0.25394074,0.060287099,3.0062507,0.00080835784,0.0232988,0.020255961
-1,0,-14.5,0,0,14.962996,-1.0565789,4.1535764,3.3702516,0.36288663,-0.32403573,-0.59983813,-0.84776642,1,-0.21278881,0.04937026,2.9837144,0.00059634583,0.01991264,0.01978929
-0.8,0,-14.5,0,0,14.888893,-1.0567604,4.1639506,3.393032,0.36268264,-0.32135597,-0.48008302,-0.67922514,1,-0.17100097,0.038400697,2.9652035,0.00042701324,0.016509095,0.019404448
-0.6,0,-14.5,0,0,14.831043,-1.056888,4.1720075,3.4107531,0.36252417,-0.31927465,-0.36018533,-0.51000814,1,-0.12870711,0.027393637,2.950763,0.00029162498,0.013092136,0.019103221
-0.4,0,-14.5,0,0,14.789606,-1.056972,4.177756,3.4234125,0.36241108,-0.3177896,-0.24018195,-0.3402858,1,-0.086034017,0.016363791,2.9404271,0.0001815054,0.0096654927,0.018886944
-0.2,0,-14.5,0,0,14.764699,-1.0570195,4.1812026,3.4310088,0.36234327,-0.31689921,-0.12010846,-0.17022697,1,-0.043109292,0.0053255273,2.9342191,8.7999395e-05,0.0062328614,0.018756574
0,0,-14.5,0,0,14.756388,-1.0570348,4.182351,3.433541,0.36232067,-0.31660251,-6.161905e-08,-2.5884139e-08,1,-0.00032108875,-0.0054140012,2.9324132,-5.724424e-05,0.0026192357,0.018767058
0.2,0,-14.5,0,0,14.764699,-1.0570195,4.1812026,3.4310088,0.36234327,-0.31689921,0.12010834,0.17022692,1,0.043004929,-0.016544066,2.9342274,-9.1697534e-05,-0.00082175096,0.018757024
0.4,0,-14.5,0,0,14.789606,-1.056972,4.177756,3.4234126,0.36241107,-0.31778962,0.24018183,0.34028575,1,0.085941105,-0.027643278,2.9404524,-0.00018317341,-0.0042577798,0.018887035
0.6,0,-14.5,0,0,14.831043,-1.056888,4.1720075,3.4107532,0.36252414,-0.31927468,0.36018521,0.51000809,1,0.12862719,-0.03869708,2.9508057,-0.00029229105,-0.0076852655,0.01910266
0.8,0,-14.5,0,0,14.888893,-1.0567603,4.1639506,3.3930321,0.3626826,-0.321356,0.4800829,0.67922509,1,0.17093533,-0.049690789,2.965264,-0.00042775042,-0.011100481,0.019402835
1,0,-14.5,0,0,14.962996,-1.0565789,4.1535764,3.3702517,0.36288658,-0.32403577,0.59983801,0.84776637,1,0.21273825,-0.06060953,2.9837932,-0.00059827693,-0.014499656,0.01978612
1.2,0,-14.5,0,0,15.053142,-1.0563307,4.1408731,3.3424145,0.36313627,-0.32731676,0.71941269,1.0154603,1,0.25390535,-0.071438057,3.0063485,-0.00081266188,-0.017878777,0.020250626
1.4,0,-14.5,0,0,15.159076,-1.0559998,4.125827,3.3095248,0.3634319,-0.33120244,0.83876744,1.1821336,1,0.29430857,-0.082160972,3.0328759,-0.0010798083,-0.021233829,0.020794076
1.6,0,-14.5,0,0,15.280499,-1.0555674,4.1084222,3.271588,0.36377375,-0.33569694,0.95786101,1.3476108,1,0.33381864,-0.092762461,3.0633104,-0.0014086998,-0.024560574,0.021413759
-1.6,0,-14,0,0,18.534915,-1.0769841,4.4262519,3.7248972,0.36102117,-0.36499838,-1.0408304,-1.5021242,1,-0.42562898,0.091247481,3.738098,-0.00049107504,0.034606192,0.028385732
-1.4,0,-14,0,0,18.380557,-1.0768018,4.444295,3.7660868,0.36068114,-0.36025847,-0.91125926,-1.3174502,1,-0.3751177,0.079101976,3.6990926,-0.00059710617,0.030714993,0.027580564
-1.2,0,-14,0,0,18.245929,-1.0765947,4.4598815,3.80178,0.36038711,-0.35616149,-0.78146824,-1.1315308,1,-0.32352739,0.066866656,3.6651184,-0.00063546094,0.026797714,0.02687647
-1,0,-14,0,0,18.131397,-1.076384,4.4730328,3.8319779,0.3601388,-0.35270274,-0.65149361,-0.94455006,1,-0.27101389,0.054559368,3.6362495,-0.00061617776,0.022858448,0.026276155
-0.8,0,-14,0,0,18.03727,-1.0761873,4.4837673,3.8566822,0.35993595,-0.34987825,-0.5213694,-0.75668943,1,-0.21773406,0.042197698,3.6125477,-0.00054918985,0.018901559,0.02578187
-0.6,0,-14,0,0,17.963798,-1.0760194,4.4921003,3.8758943,0.35977838,-0.34768475,-0.39112776,-0.56812775,1,-0.16385354,0.029799902,3.5940742,-0.0004445534,0.014932364,0.025395642
-0.4,0,-14,0,0,17.911181,-1.0758914,4.4980439,3.8896162,0.35966593,-0.3461198,-0.2607994,-0.37904211,1,-0.10948737,0.017377978,3.5808342,-0.00031121587,0.010950786,0.025118191
-0.2,0,-14,0,0,17.879554,-1.0758114,4.5016066,3.8978487,0.35959851,-0.34518156,-0.13041396,-0.18960809,1,-0.054843345,0.0049522291,3.5728883,-0.00015980237,0.0069646762,0.024951135
0,0,-14,0,0,17.869003,-1.0757842,4.5027937,3.900593,0.35957604,-0.34486897,-7.0142929e-08,-4.068959e-08,1,-0.00042265584,-0.0071164775,3.5702353,5.174881e-05,0.0026761565,0.024888926
0.2,0,-14,0,0,17.879554,-1.0758114,4.5016066,3.8978487,0.3595985,-0.34518157,0.13041382,0.18960801,1,0.054882642,-0.019658648,3.5728101,0.00027966204,-0.0012090745,0.024824473
0.4,0,-14,0,0,17.911181,-1.0758914,4.4980439,3.8896162,0.35966591,-0.34611982,0.26079926,0.37904203,1,0.10943528,-0.032158207,3.5807457,0.00030748028,-0.0051981839,0.024970099
0.6,0,-14,0,0,17.963799,-1.0760194,4.4921003,3.8758944,0.35977835,-0.34768478,0.39112762,0.56812767,1,0.16369362,-0.044550267,3.5940179,0.00039043249,-0.0094872899,0.025336536
0.8,0,-14,0,0,18.03727,-1.0761873,4.4837674,3.8566822,0.35993591,-0.34987829,0.52136926,0.75668935,1,0.21860583,-0.056981983,3.6132793,0.00049705707,-0.013146281,0.02587655
1,0,-14,0,0,18.131398,-1.0763839,4.4730328,3.831978,0.36013875,-0.35270279,0.65149347,0.94454999,1,0.27036313,-0.07036029,3.6368364,0.00073663397,-0.01742466,0.026125875
1.2,0,-14,0,0,18.245929,-1.0765946,4.4598815,3.8017801,0.36038706,-0.35616155,0.7814681,1.1315307,1,0.32353741,-0.081462225,3.6651522,0.00062414533,-0.021027689,0.026692847
1.4,0,-14,0,0,18.380557,-1.0768017,4.4442951,3.7660869,0.36068107,-0.36025854,0.91125912,1.3174501,1,0.3751435,-0.093531355,3.6981698,0.00058029166,-0.024933088,0.027568284
1.6,0,-14,0,0,18.534916,-1.076984,4.4262519,3.7248973,0.36102109,-0.36499847,1.0408302,1.5021242,1,0.4256685,-0.10546331,3.7358447,0.00046721973,-0.028809256,0.028745193
-1.6,0,-13.5,0,0,22.504233,-1.1049816,4.7713139,4.2289173,0.35812182,-0.39367944,-1.1298653,-1.6731581,1,-0.54354895,0.10105938,4.559645,-0.0029098858,0.039934452,0.036649264
-1.4,0,-13.5,0,0,22.307589,-1.1040122,4.7898632,4.2734688,0.35778909,-0.3887024,-0.98901279,-1.4671754,1,-0.47881575,0.087425363,4.5095056,-0.0027318494,0.035397552,0.035625957
-1.2,0,-13.5,0,0,22.136145,-1.1031176,4.8058726,4.3120547,0.35750138,-0.38440136,-0.84799969,-1.2599161,1,-0.41279133,0.073696071,4.4658741,-0.0024787231,0.030834894,0.034732631
-1,0,-13.5,0,0,21.990341,-1.1023213,4.8193705,4.3446848,0.35725838,-0.38077099,-0.70685481,-1.0515707,1,-0.34566538,0.059891845,4.4288027,-0.0021617318,0.026250772,0.03397247
-0.8,0,-13.5,0,0,21.870547,-1.1016431,4.8303808,4.3713686,0.35705988,-0.37780681,-0.56560435,-0.84232643,1,-0.27762717,0.046032444,4.3983892,-0.0017919429,0.021649679,0.0333473
-0.6,0,-13.5,0,0,21.777061,-1.101099,4.8389233,4.3921136,0.35690568,-0.37550511,-0.42427224,-0.632367,1,-0.20886012,0.032136473,4.3746785,-0.0013802997,0.017035356,0.032859056
-0.4,0,-13.5,0,0,21.710119,-1.1007014,4.8450139,4.4069267,0.35679564,-0.37386309,-0.28288058,-0.42187361,1,-0.13955014,0.018222081,4.3577141,-0.00093757254,0.012411761,0.032509114
-0.2,0,-13.5,0,0,21.669888,-1.1004593,4.8486638,4.4158126,0.35672965,-0.37287871,-0.14144987,-0.21102525,1,-0.069880199,0.0043066906,4.3475251,-0.0004744764,0.007782469,0.032298453
0,0,-13.5,0,0,21.656465,-1.1003781,4.8498795,4.418774,0.35670766,-0.37255067,-7.9285231e-08,-5.7347881e-08,1,-0.00024661629,-0.0095924279,4.3441274,2.4133779e-05,0.0031514237,0.032227608
0.2,0,-13.5,0,0,21.669888,-1.1004593,4.8486638,4.4158126,0.35672964,-0.37287872,0.14144971,0.21102514,1,0.069845099,-0.023895254,4.3475259,0.00045584158,-0.0020009134,0.032296472
0.4,0,-13.5,0,0,21.710119,-1.1007014,4.8450139,4.4069267,0.35679562,-0.37386311,0.28288042,0.4218735,1,0.13954264,-0.037730174,4.3577253,0.00093080842,-0.0066501343,0.03250435
0.6,0,-13.5,0,0,21.777061,-1.1010989,4.8389233,4.3921136,0.35690565,-0.37550514,0.42427209,0.63236688,1,0.20888111,-0.051494264,4.3747045,0.0013855878,-0.011285186,0.032851297
0.8,0,-13.5,0,0,21.870547,-1.101643,4.8303808,4.3713687,0.35705984,-0.37780685,0.56560419,0.84232632,1,0.27616572,-0.066325059,4.3984917,0.0019226254,-0.015860297,0.033383814
1,0,-13.5,0,0,21.990341,-1.1023212,4.8193705,4.3446849,0.35725833,-0.38077105,0.70685465,1.0515706,1,0.34577438,-0.07992348,4.4297921,0.0021259965,-0.02041658,0.033823677
1.2,0,-13.5,0,0,22.136146,-1.1031175,4.8058727,4.3120547,0.35750132,-0.38440143,0.84799953,1.259916,1,0.4128657,-0.093428207,4.4661017,0.0024527631,-0.024949766,0.034643123
1.4,0,-13.5,0,0,22.307589,-1.1040121,4.7898632,4.2734689,0.35778902,-0.38870248,0.98901262,1.4671753,1,0.4788561,-0.10682064,4.5099378,0.0027130202,-0.029455501,0.035620595
1.6,0,-13.5,0,0,22.504234,-1.1049815,4.7713139,4.2289174,0.35812174,-0.39367953,1.1298652,1.673158,1,0.54355796,-0.12008154,4.5582813,0.002895878,-0.033929622,0.036843837
-1.6,0,-13,0,0,27.343416,-1.1407735,5.1456757,4.7892021,0.35505315,-0.42156875,-1.2251272,-1.86217,1,-0.69536322,0.11115547,5.5585441,-0.0059661241,0.046096132,0.046410242
-1.4,0,-13,0,0,27.092348,-1.1388105,5.1645455,4.8371665,0.35473436,-0.41636785,-1.0721575,-1.6325641,1,-0.61221131,0.095941351,5.4939564,-0.0054235212,0.040804692,0.045126533
-1.2,0,-13,0,0,26.873556,-1.1370496,5.1808137,4.8786822,0.35445862,-0.41187426,-0.91910926,-1.4016765,1,-0.52754221,0.08062693,5.437782,-0.0047990933,0.035489658,0.044007914
-1,0,-13,0,0,26.687556,-1.1355166,5.1945164,4.9137711,0.3542257,-0.40808204,-0.76600084,-1.1697013,1,-0.44157814,0.065235254,5.390108,-0.0041045998,0.030155069,0.04305709
-0.8,0,-13,0,0,26.534786,-1.134233,5.2056848,4.9424523,0.35403539,-0.40498615,-0.61284736,-0.93682773,1,-0.35454167,0.049788252,5.3510066,-0.0033522963,0.02480474,0.042276262
-0.6,0,-13,0,0,26.415599,-1.1332165,5.2143444,4.9647422,0.35388754,-0.40258247,-0.45966119,-0.70324055,1,-0.26665221,0.034306854,5.3205359,-0.0025542274,0.019442356,0.041667165
-0.4,0,-13,0,0,26.330267,-1.1324807,5.2205151,4.9806536,0.353782,-0.40086778,-0.30645266,-0.46912153,1,-0.17812607,0.018811201,5.2987391,-0.0017222391,0.014071591,0.041231094
-0.2,0,-13,0,0,26.278989,-1.1320354,5.2242117,4.9901966,0.35371872,-0.39983989,-0.15322973,-0.23464889,1,-0.08918126,0.0033206062,5.2856494,-0.00086808949,0.0086958823,0.040968938
0,0,-13,0,0,26.261885,-1.1318863,5.225443,4.9933771,0.35369762,-0.39949741,-8.895983e-08,-7.542794e-08,1,-0.00035371802,-0.012146221,5.2816125,4.3104552e-05,0.0033186936,0.040821945
0.2,0,-13,0,0,26.278989,-1.1320354,5.2242117,4.9901966,0.35371871,-0.3998399,0.15322955,0.23464874,1,0.089154212,-0.028565737,5.285654,0.00084464214,-0.0025993617,0.040969127
0.4,0,-13,0,0,26.330267,-1.1324807,5.2205151,4.9806537,0.35378198,-0.40086781,0.30645248,0.46912138,1,0.1781359,-0.043982904,5.2987438,0.0017089799,-0.0080068579,0.041230021
0.6,0,-13,0,0,26.415599,-1.1332164,5.2143444,4.9647423,0.35388751,-0.40258251,0.45966101,0.7032404,1,0.26670083,-0.059315177,5.320544,0.0025519625,-0.013399675,0.041663894
0.8,0,-13,0,0,26.534786,-1.1342329,5.2056848,4.9424524,0.35403535,-0.40498619,0.61284718,0.93682758,1,0.35474136,-0.07454261,5.3510226,0.0032001689,-0.018773677,0.042270069
1,0,-13,0,0,26.687556,-1.1355165,5.1945164,4.9137712,0.35422565,-0.4080821,0.76600066,1.1697012,1,0.4404434,-0.08924454,5.3916082,0.0042704909,-0.024423477,0.04282759
1.2,0,-13,0,0,26.873556,-1.1370495,5.1808137,4.8786823,0.35445856,-0.41187434,0.91910908,1.4016764,1,0.52770701,-0.10547774,5.4381989,0.0047547736,-0.029630606,0.044028875
1.4,0,-13,0,0,27.092348,-1.1388104,5.1645455,4.8371666,0.35473428,-0.41636794,1.0721573,1.632564,1,0.61233989,-0.12029978,5.4938053,0.005389072,-0.034768332,0.045157509
1.6,0,-13,0,0,27.343416,-1.1407734,5.1456757,4.7892022,0.35505307,-0.42156885,1.225127,1.8621699,1,0.69546956,-0.13375632,5.5583215,0.0059103655,-0.040333337,0.046267377
-1.6,0,-12.5,0,0,33.239684,-1.1857522,5.5514805,5.4118321,0.35179315,-0.44848858,-1.3266865,-2.0706298,1,-0.89113395,0.11987354,6.7718356,-0.0097979069,0.05297565,0.058106962
-1.4,0,-12.5,0,0,32.918422,-1.1825496,5.5704184,5.463178,0.35149616,-0.44308279,-1.160741,-1.8148767,1,-0.78414799,0.10308095,6.6885609,-0.0087875244,0.046719923,0.056373234
-1.2,0,-12.5,0,0,32.638606,-1.1797095,5.586722,5.5075879,0.35123911,-0.43841306,-0.99482726,-1.557873,1,-0.6753541,0.086189084,6.6160207,-0.0076843015,0.040459555,0.054948671
-1,0,-12.5,0,0,32.400837,-1.1772598,5.6004377,5.5450987,0.35102186,-0.43447283,-0.8289493,-1.2998118,1,-0.56507096,0.06921363,6.5543096,-0.0065025932,0.034185782,0.053862781
-0.8,0,-12.5,0,0,32.205616,-1.1752239,5.6116048,5.5757427,0.35084426,-0.43125649,-0.66310744,-1.0408798,1,-0.45244247,0.052399464,6.5043194,-0.0053140635,0.027879007,0.053096964
-0.6,0,-12.5,0,0,32.053357,-1.1736208,5.6202562,5.5995478,0.35070623,-0.42875961,-0.49729835,-0.78125755,1,-0.34104596,0.033343684,6.4645595,-0.0040349024,0.021686636,0.051990444
-0.4,0,-12.5,0,0,31.944373,-1.1724653,5.6264172,5.6165352,0.35060769,-0.42697859,-0.33151615,-0.5211218,1,-0.22777397,0.01629972,6.4360122,-0.0026980591,0.015475686,0.051306813
-0.2,0,-12.5,0,0,31.878893,-1.1717678,5.6301065,5.6267213,0.35054859,-0.42591101,-0.16575322,-0.26064583,1,-0.11402442,-0.00070879733,6.4188105,-0.0013393351,0.0092678577,0.051033998
0,0,-12.5,0,0,31.857052,-1.1715346,5.631335,5.6301156,0.35052889,-0.42555534,-9.9042431e-08,-9.4191971e-08,1,0.00057206678,-0.017659563,6.4130598,-0.0002688705,0.0030666415,0.051158947
0.2,0,-12.5,0,0,31.878893,-1.1717678,5.6301065,5.6267213,0.35054858,-0.42591102,0.16575302,0.26064564,1,0.1140123,-0.033036648,6.4191371,0.0013439118,-0.0037365382,0.051151476
0.4,0,-12.5,0,0,31.944373,-1.1724653,5.6264172,5.6165352,0.35060767,-0.42697862,0.33151596,0.52112161,1,0.227768,-0.050037076,6.4364473,0.0026821683,-0.009999906,0.051524971
0.6,0,-12.5,0,0,32.053357,-1.1736207,5.6202562,5.5995478,0.3507062,-0.42875964,0.49729815,0.78125736,1,0.34103928,-0.067318519,6.4647413,0.0040056363,-0.01606242,0.05201663
0.8,0,-12.5,0,0,32.205616,-1.1752238,5.6116048,5.5757428,0.35084422,-0.43125654,0.66310724,1.0408796,1,0.4535695,-0.083757286,6.5039142,0.0052672547,-0.02248886,0.052584621
1,0,-12.5,0,0,32.400837,-1.1772597,5.6004377,5.5450988,0.3510218,-0.43447289,0.8289491,1.2998116,1,0.56511723,-0.10043551,6.5541348,0.0064882948,-0.02870785,0.053727888
1.2,0,-12.5,0,0,32.638606,-1.1797094,5.5867221,5.507588,0.35123905,-0.43841314,0.99482705,1.5578728,1,0.67542762,-0.11696431,6.6155722,0.0076440735,-0.034905714,0.054900528
1.4,0,-12.5,0,0,32.918422,-1.1825495,5.5704184,5.4631781,0.35149608,-0.44308288,1.1607408,1.8148765,1,0.78424205,-0.13332163,6.6880084,0.0087211214,-0.041079284,0.056281355
1.6,0,-12.5,0,0,33.239684,-1.185752,5.5514805,5.4118323,0.35179306,-0.4484887,1.3266863,2.0706296,1,0.89124174,-0.14949429,6.7713006,0.0097053698,-0.04723766,0.057867362
-1.6,0,-12,0,0,40.41844,-1.2415057,5.9909221,6.103431,0.34832135,-0.47425743,-1.4344847,-2.2999715,1,-1.1442448,0.12970087,8.2409632,-0.014514946,0.061050131,0.071330685
-1.4,0,-12,0,0,40.006481,-1.2367714,6.0095912,6.1580139,0.34805525,-0.46867216,-1.2546966,-2.0153364,1,-1.0061117,0.11128525,8.1332439,-0.012928226,0.053778176,0.069371869
-1.2,0,-12,0,0,39.647892,-1.2325997,6.0256344,6.2051828,0.34782462,-0.46384822,-1.075085,-1.7295308,1,-0.86595519,0.092754543,8.0397717,-0.011242417,0.046495263,0.067670552
-1,0,-12,0,0,39.343331,-1.2290204,6.0391084,6.2449925,0.34762945,-0.45977836,-0.89563455,-1.4427392,1,-0.72424405,0.074137193,7.9604315,-0.0094722762,0.039203003,0.066229537
-0.8,0,-12,0,0,39.093376,-1.2260584,6.0500637,6.2774932,0.34746975,-0.45645663,-0.71632618,-1.1551401,1,-0.58064832,0.051450644,7.8978062,-0.0079912592,0.032064671,0.064873641
-0.6,0,-12,0,0,38.898488,-1.2237339,6.0585412,6.3027266,0.34734554,-0.45387812,-0.53713623,-0.86690393,1,-0.43673229,0.036055713,7.8463464,-0.0058067227,0.024623722,0.06414989
-0.4,0,-12,0,0,38.759028,-1.2220626,6.0645733,6.3207262,0.3472568,-0.45203903,-0.35803838,-0.57819573,1,-0.29136128,0.017734617,7.8091821,-0.0038189422,0.01711204,0.063569056
-0.2,0,-12,0,0,38.675251,-1.2210554,6.0681833,6.3315161,0.34720356,-0.45093667,-0.17900334,-0.28917551,1,-0.14689709,-0.0010639008,7.7862953,-0.0018933088,0.009827338,0.063157799
0,0,-12,0,0,38.64731,-1.2207189,6.0693851,6.3351112,0.34718581,-0.45056943,-1.0935404e-07,-1.1255863e-07,1,3.622815e-05,-0.019826325,7.777657,-8.9622648e-06,0.0025453696,0.062941581
0.2,0,-12,0,0,38.675251,-1.2210554,6.0681833,6.3315161,0.34720355,-0.45093669,0.17900312,0.28917528,1,0.14599228,-0.038529148,7.7870774,0.0019392774,-0.0047302943,0.063070922
0.4,0,-12,0,0,38.759028,-1.2220626,6.0645733,6.3207262,0.34725678,-0.45203905,0.35803816,0.5781955,1,0.29167334,-0.057149576,7.8087923,0.0038730272,-0.011997099,0.063465426
0.6,0,-12,0,0,38.898488,-1.2237339,6.0585412,6.3027267,0.34734551,-0.45387816,0.53713601,0.8669037,1,0.43680324,-0.075664849,7.8449556,0.0057787918,-0.019251964,0.064122437
0.8,0,-12,0,0,39.093376,-1.2260583,6.0500637,6.2774933,0.34746971,-0.45645668,0.71632596,1.1551399,1,0.58110054,-0.094052106,7.8955366,0.0076429865,-0.026491993,0.065041231
1,0,-12,0,0,39.343331,-1.2290203,6.0391084,6.2449926,0.3476294,-0.45977843,0.89563433,1.4427389,1,0.72428538,-0.11228815,7.9604894,0.0094517124,-0.033714369,0.066220792
1.2,0,-12,0,0,39.647892,-1.2325995,6.0256344,6.2051829,0.34782456,-0.46384831,1.0750848,1.7295305,1,0.86601259,-0.13034947,8.0398183,0.011190952,-0.040916561,0.06765954
1.4,0,-12,0,0,40.006481,-1.2367713,6.0095912,6.158014,0.34805518,-0.46867226,1.2546963,2.0153361,1,1.0061733,-0.1482116,8.133271,0.012845339,-0.048096023,0.069356372
1.6,0,-12,0,0,40.41844,-1.2415056,5.9909221,6.1034311,0.34832126,-0.47425755,1.4344845,2.2999713,1,1.1442993,-0.16584979,8.2409601,0.014400494,-0.055251563,0.071308379
-1.6,0,-11.5,0,0,49.149848,-1.3098298,6.4662019,6.8711626,0.34461997,-0.4986942,-1.5482983,-2.5515422,1,-1.4714607,0.13884254,10.021005,-0.020287664,0.070348502,0.087139845
-1.4,0,-11.5,0,0,48.620609,-1.3032194,6.4841659,6.9286931,0.3443949,-0.49296167,-1.353811,-2.2350839,1,-1.2929254,0.11883489,9.8787643,-0.017987043,0.061895393,0.084666773
-1.2,0,-11.5,0,0,48.1602,-1.2974189,6.4995628,6.9783533,0.34419927,-0.48801119,-1.159685,-1.917595,1,-1.1099717,0.099873321,9.7574987,-0.015616675,0.053247979,0.082600019
-1,0,-11.5,0,0,47.769365,-1.2924598,6.5124649,7.0202247,0.34403332,-0.48383499,-0.96588167,-1.5992481,1,-0.9297156,0.077887481,9.6553984,-0.013088866,0.044986527,0.080629871
-0.8,0,-11.5,0,0,47.448736,-1.2883678,6.5229342,7.0543792,0.34389728,-0.48042674,-0.77235691,-1.2802053,1,-0.74556309,0.057411479,9.5712797,-0.010580282,0.036310004,0.079314686
-0.6,0,-11.5,0,0,47.198825,-1.2851639,6.5310225,7.0808775,0.34379129,-0.47778125,-0.57906143,-0.96061859,1,-0.560226,0.036960015,9.5059905,-0.0079835564,0.027858227,0.078199046
-0.4,0,-11.5,0,0,47.020032,-1.2828641,6.5367705,7.0997691,0.3437155,-0.47589444,-0.38594167,-0.64063143,1,-0.37396696,0.016502781,9.4593301,-0.0053464395,0.019405493,0.0774026
-0.2,0,-11.5,0,0,46.912645,-1.2814798,6.5402075,7.1110896,0.34366999,-0.47476352,-0.19294104,-0.32038125,1,-0.18710001,-0.0039313485,9.4311226,-0.0026831069,0.010954807,0.076926143
0,0,-11.5,0,0,46.876836,-1.2810175,6.5413516,7.1148613,0.34365481,-0.47438679,-1.1963686e-07,-1.2911501e-07,1,6.8266525e-05,-0.024315089,9.4220057,-7.5864308e-06,0.002509003,0.076767231
0.2,0,-11.5,0,0,46.912645,-1.2814798,6.5402075,7.1110896,0.34366998,-0.47476353,0.1929408,0.32038099,1,0.18723293,-0.044621824,9.4311524,0.0026664371,-0.0059294134,0.076928837
0.4,0,-11.5,0,0,47.020032,-1.2828641,6.5367705,7.0997691,0.34371548,-0.47589447,0.38594143,0.64063117,1,0.37408899,-0.064825527,9.4593862,0.0053253005,-0.014357965,0.07740765
0.6,0,-11.5,0,0,47.198824,-1.2851639,6.5310225,7.0808776,0.34379127,-0.47778128,0.57906118,0.96061832,1,0.56032981,-0.084900625,9.5060656,0.0079550416,-0.0227739,0.078205778
0.8,0,-11.5,0,0,47.448736,-1.2883678,6.5229342,7.0543792,0.34389724,-0.48042679,0.77235667,1.280205,1,0.74564123,-0.10482107,9.5713632,0.010541596,-0.031174349,0.079322105
1,0,-11.5,0,0,47.769365,-1.2924597,6.5124649,7.0202248,0.34403328,-0.48383505,0.96588142,1.5992478,1,0.92971399,-0.12456106,9.6552324,0.013070402,-0.039557108,0.080756167
1.2,0,-11.5,0,0,48.1602,-1.2974188,6.4995628,6.9783534,0.34419921,-0.48801128,1.1596848,1.9175947,1,1.1122321,-0.14409382,9.7576123,0.01552638,-0.047919344,0.082507228
1.4,0,-11.5,0,0,48.620609,-1.3032193,6.4841659,6.9286932,0.34439483,-0.49296177,1.3538107,2.2350836,1,1.2928837,-0.16339214,9.8784273,0.017893879,-0.056259011,0.084574248
1.6,0,-11.5,0,0,49.149848,-1.3098297,6.4662019,6.8711627,0.34461988,-0.49869432,1.548298,2.5515419,1,1.4713708,-0.18242771,10.017602,0.020156453,-0.064574688,0.086955579
-1.6,0,-11,0,0,59.756217,-1.3927374,6.9794786,7.7227254,0.34067484,-0.52162303,-1.6677073,-2.8265575,1,-1.8942225,0.14473622,12.161344,-0.027284185,0.080712368,0.10501262
-1.4,0,-11,0,0,59.075306,-1.3838483,6.9961848,7.7827323,0.34050166,-0.51578235,-1.4576926,-2.4751256,1,-1.6636113,0.12263573,11.980227,-0.024106653,0.071017144,0.10215197
-1.2,0,-11,0,0,58.483213,-1.3760723,7.0104454,7.8344481,0.34035026,-0.51073874,-1.248272,-2.1228822,1,-1.4313462,0.10058316,11.823609,-0.020979605,0.061123064,0.099654584
-1,0,-11,0,0,57.980794,-1.3694414,7.0223519,7.8779905,0.34022123,-0.50648436,-1.0393795,-1.7699832,1,-1.1952557,0.080515825,11.691098,-0.017503854,0.051426084,0.09754214
-0.8,0,-11,0,0,57.568756,-1.3639818,7.0319827,7.9134638,0.34011504,-0.50301242,-0.83094025,-1.4165661,1,-0.95823179,0.058531408,11.582555,-0.014083171,0.041621405,0.095816044
-0.6,0,-11,0,0,57.247687,-1.3597146,7.0394041,7.9409577,0.34003208,-0.50031757,-0.62287248,-1.0627537,1,-0.71982515,0.036513772,11.498071,-0.010607842,0.031814965,0.094475728
-0.4,0,-11,0,0,57.018033,-1.3566554,7.0446676,7.9605435,0.33997262,-0.49839567,-0.4150884,-0.70865591,1,-0.48040153,0.014498732,11.437698,-0.007092549,0.022010166,0.093520413
-0.2,0,-11,0,0,56.880117,-1.3548156,7.0478107,7.9722741,0.33993687,-0.49724369,-0.2074961,-0.3543736,1,-0.24031211,-0.0074803255,11.401472,-0.0035526252,0.012209677,0.092949356
0,0,-11,0,0,56.834126,-1.3542015,7.0488561,7.9761809,0.33992494,-0.49685993,-1.2952514e-07,-1.421996e-07,1,0.00011261036,-0.029391641,11.389409,-9.2871098e-07,0.0024154196,0.092761939
0.2,0,-11,0,0,56.880117,-1.3548155,7.0478107,7.9722741,0.33993686,-0.4972437,0.20749584,0.35437331,1,0.24052795,-0.051203977,11.401511,0.0035487807,-0.0073699694,0.092957765
0.4,0,-11,0,0,57.018033,-1.3566554,7.0446676,7.9605435,0.33997261,-0.49839569,0.41508814,0.70865562,1,0.48058924,-0.072886925,11.43777,0.0070827722,-0.017143885,0.093536779
0.6,0,-11,0,0,57.247687,-1.3597145,7.0394041,7.9409577,0.34003205,-0.50031761,0.62287222,1.0627534,1,0.71996603,-0.094411177,11.498165,0.010588275,-0.026904505,0.094499158
0.8,0,-11,0,0,57.568755,-1.3639818,7.0319827,7.9134638,0.340115,-0.50301247,0.83093999,1.4165658,1,0.95830726,-0.11574737,11.582655,0.014050103,-0.036649326,0.09584521
1,0,-11,0,0,57.980793,-1.3694413,7.0223519,7.8779906,0.34022118,-0.50648443,1.0393792,1.7699829,1,1.1952474,-0.13686522,11.69118,0.017453788,-0.04637517,0.097575308
1.2,0,-11,0,0,58.483213,-1.3760723,7.0104454,7.8344482,0.3403502,-0.51073882,1.2482717,2.1228819,1,1.4304196,-0.15773413,11.823646,0.020783545,-0.056078427,0.099689635
1.4,0,-11,0,0,59.075305,-1.3838482,6.9961848,7.7827324,0.3405016,-0.51578245,1.4576923,2.4751253,1,1.6634603,-0.17832237,11.979927,0.024022392,-0.065754784,0.102188
1.6,0,-11,0,0,59.756216,-1.3927372,6.9794786,7.7227255,0.34067477,-0.52162314,1.667707,2.8265572,1,1.8940276,-0.19859756,12.159844,0.027152252,-0.075400359,0.1050694
-1.6,0,-10.5,0,0,72.621232,-1.4924713,7.5328497,8.6664214,0.33647585,-0.54287827,-1.7920747,-3.1260703,1,-2.4419664,0.15144873,14.737707,-0.035719273,0.09318357,0.12583259
-1.4,0,-10.5,0,0,71.743725,-1.4808343,7.5475969,8.7281793,0.3363658,-0.53697438,-1.5657307,-2.7362604,1,-2.1442801,0.12843689,14.50372,-0.031501064,0.081841785,0.12236769
-1.2,0,-10.5,0,0,70.980802,-1.4706789,7.5600915,8.781267,0.33626827,-0.53187657,-1.3402833,-2.3459843,1,-1.8433154,0.10525025,14.300374,-0.027173505,0.070476537,0.1193719
-1,0,-10.5,0,0,70.333576,-1.4620371,7.5704555,8.8258647,0.33618425,-0.52757676,-1.1156317,-1.9553714,1,-1.5397036,0.081939663,14.128044,-0.022759024,0.059099777,0.11684466
-0.8,0,-10.5,0,0,69.802922,-1.4549348,7.578792,8.8621299,0.3361145,-0.52406786,-0.89166215,-1.5645218,1,-1.2340669,0.058558952,13.986872,-0.018277122,0.047719977,0.11478368
-0.6,0,-10.5,0,0,69.38954,-1.4493915,7.5851874,8.8901964,0.33605966,-0.52134449,-0.66824984,-1.1735102,1,-0.92674169,0.035136819,13.877146,-0.013744217,0.036342761,0.11318686
-0.4,0,-10.5,0,0,69.093919,-1.445422,7.5897078,8.9101677,0.33602017,-0.51940224,-0.44526149,-0.78239234,1,-0.61836202,0.011732092,13.798726,-0.0091756602,0.024971227,0.11205105
-0.2,0,-10.5,0,0,68.916412,-1.4430363,7.592401,8.9221202,0.33599635,-0.5182381,-0.22255896,-0.39121108,1,-0.30926932,-0.011620497,13.751683,-0.0045848689,0.013607728,0.11137433
0,0,-10.5,0,0,68.857224,-1.4422405,7.5932957,8.9260995,0.33598839,-0.51785029,-1.3851764e-07,-1.5006026e-07,1,0.00016435105,-0.034882851,13.736017,1.5451384e-05,0.0022537127,0.1111552
0.2,0,-10.5,0,0,68.916412,-1.4430363,7.592401,8.9221202,0.33599634,-0.51823812,0.22255868,0.39121078,1,0.30958001,-0.058018338,13.751721,0.0046131214,-0.009089744,0.11139286
0.4,0,-10.5,0,0,69.093918,-1.445422,7.5897078,8.9101677,0.33602016,-0.51940227,0.44526121,0.78239203,1,0.6186187,-0.080991521,13.798794,0.009196001,-0.020421607,0.11208749
0.6,0,-10.5,0,0,69.389539,-1.4493915,7.5851874,8.8901964,0.33605964,-0.52134453,0.66824956,1.1735099,1,0.92690841,-0.10376784,13.877228,0.013751502,-0.031740546,0.11323997
0.8,0,-10.5,0,0,69.802921,-1.4549347,7.5787919,8.8621299,0.33611447,-0.52406791,0.89166187,1.5645215,1,1.2341079,-0.12631838,13.986943,0.018266406,-0.043044405,0.11485166
1,0,-10.5,0,0,70.333575,-1.4620371,7.5704555,8.8258647,0.33618421,-0.52757682,1.1156314,1.9553711,1,1.5395835,-0.14859228,14.128071,0.022725644,-0.054330354,0.11692512
1.2,0,-10.5,0,0,70.980801,-1.4706788,7.5600915,8.781267,0.33626822,-0.53187664,1.340283,2.345984,1,1.8429993,-0.17057077,14.300316,0.027113172,-0.065593113,0.11946194
1.4,0,-10.5,0,0,71.743723,-1.4808343,7.5475969,8.7281793,0.33636574,-0.53697446,1.5657304,2.73626,1,2.1437347,-0.19221176,14.503528,0.031409956,-0.076824619,0.12246394
1.6,0,-10.5,0,0,72.62123,-1.4924712,7.5328497,8.6664214,0.33647578,-0.54287838,1.7920744,3.1260699,1,2.4411598,-0.21347763,14.737323,0.035594141,-0.088013388,0.12593125
-1.6,0,-10,0,0,88.201884,-1.6115211,8.1283938,9.7113804,0.33201647,-0.56230588,-1.9204198,-3.4507447,1,-3.1580478,0.21051848,17.88441,-0.045874818,0.10581107,0.1527222
-1.4,0,-10,0,0,87.066921,-1.5965807,8.1402335,9.7736932,0.33198115,-0.55638964,-1.6769698,-3.0188332,1,-2.7734718,0.18231414,17.577204,-0.040340429,0.092544737,0.1485712
-1.2,0,-10,0,0,86.08046,-1.5835726,8.1501181,9.8270463,0.33194758,-0.55128214,-1.4348401,-2.5870426,1,-2.3842229,0.15354034,17.300571,-0.034695944,0.079278745,0.14513508
-1,0,-10,0,0,85.243981,-1.5725265,8.1582144,9.8717231,0.33191712,-0.54697467,-1.1938717,-2.1554357,1,-1.9915878,0.12425767,17.056118,-0.028969909,0.066028521,0.14247
-0.8,0,-10,0,0,84.55851,-1.5634638,8.1646587,9.9079598,0.33189081,-0.54345987,-0.95388991,-1.7240341,1,-1.5940313,0.10156453,16.872364,-0.023310065,0.052325396,0.13937096
-0.6,0,-10,0,0,84.024767,-1.5564006,8.1695606,9.9359485,0.33186952,-0.54073201,-0.71470802,-1.2928277,1,-1.1966582,0.073582533,16.724295,-0.017526503,0.039335445,0.13687803
-0.4,0,-10,0,0,83.643211,-1.5513479,8.1730029,9.955835,0.33185387,-0.53878664,-0.47613262,-0.86178618,1,-0.79827788,0.045435914,16.618003,-0.011709686,0.026361327,0.13482506
-0.2,0,-10,0,0,83.414165,-1.5483135,8.1750449,9.9677251,0.33184431,-0.53762064,-0.23796425,-0.43086256,1,-0.39928818,0.017177696,16.553372,-0.0058711879,0.013400784,0.13327584
0,0,-10,0,0,83.3378,-1.5473016,8.1757218,9.9716817,0.33184109,-0.5372322,-1.4595609e-07,-1.5106077e-07,1,-1.2138077e-05,-0.040397976,16.530419,-2.1314504e-05,0.0020090927,0.13228956
0.2,0,-10,0,0,83.414164,-1.5483135,8.1750449,9.9677251,0.3318443,-0.53762065,0.23796396,0.43086226,1,0.39935598,-0.039461316,16.549251,0.0058898183,-0.012483126,0.13192057
0.4,0,-10,0,0,83.643211,-1.5513479,8.1730029,9.955835,0.33185386,-0.53878666,0.47613232,0.86178587,1,0.78956227,-0.067737381,16.610251,0.012748891,-0.025416631,0.13222365
0.6,0,-10,0,0,84.024766,-1.5564006,8.1695606,9.9359485,0.3318695,-0.54073204,0.71470772,1.2928274,1,1.1963499,-0.11226404,16.713789,0.017525307,-0.037382012,0.13324731
0.8,0,-10,0,0,84.558508,-1.5634638,8.1646587,9.9079598,0.33189079,-0.54345991,0.95388961,1.7240338,1,1.5766165,-0.12393326,16.860475,0.023419063,-0.051282908,0.13504053
1,0,-10,0,0,85.243979,-1.5725264,8.1582144,9.871723,0.33191708,-0.54697472,1.1938714,2.1554354,1,1.9908487,-0.14651723,17.050605,0.029042343,-0.064544201,0.13764823
1.2,0,-10,0,0,86.080458,-1.5835726,8.1501181,9.8270463,0.33194754,-0.5512822,1.4348398,2.5870422,1,2.3835912,-0.17563318,17.293166,0.034754248,-0.077520903,0.14104661
1.4,0,-10,0,0,87.066919,-1.5965807,8.1402335,9.7736931,0.3319811,-0.55638971,1.6769694,3.0188329,1,2.7729773,-0.20438794,17.57275,0.040385488,-0.090498823,0.14546526
1.6,0,-10,0,0,88.201882,-1.6115211,8.1283938,9.7113803,0.33201641,-0.56230597,1.9204194,3.4507443,1,3.1577121,-0.23270987,17.888578,0.045910582,-0.10346318,0.15091876
-1.6,0,-9.5,0,0,107.03712,-1.7525907,8.7680814,10.86762,0.32729268,-0.57976072,-2.0509974,-3.799998,1,-4.1171373,0.22126411,21.541406,-0.05805433,0.12074483,0.17666594
-1.4,0,-9.5,0,0,105.55921,-1.7336851,8.7756519,10.928409,0.32734468,-0.57389209,-1.7898143,-3.3220912,1,-3.607845,0.1930777,21.11078,-0.050937795,0.10551445,0.17239221
-1.2,0,-9.5,0,0,104.27692,-1.7172737,8.7817699,10.98023,0.32738607,-0.56882728,-1.5305433,-2.8452759,1,-3.0866911,0.16591472,20.754585,-0.044118592,0.089972913,0.16818648
-1,0,-9.5,0,0,103.19127,-1.703372,8.7866377,11.023474,0.32741849,-0.56455645,-1.2729208,-2.3694517,1,-2.5848084,0.1344968,20.468618,-0.036311338,0.074565607,0.16407739
-0.8,0,-9.5,0,0,102.30272,-1.6919892,8.7904145,11.058451,0.32744325,-0.56107182,-1.0166756,-1.8944842,1,-2.0645312,0.10614603,20.224604,-0.02924462,0.060188342,0.16105634
-0.6,0,-9.5,0,0,101.61154,-1.6831316,8.7932266,11.085408,0.32746143,-0.55836737,-0.76153609,-1.4202247,1,-1.5484978,0.076567438,20.037309,-0.02195285,0.045164847,0.15881671
-0.4,0,-9.5,0,0,101.11781,-1.6768027,8.7951687,11.104531,0.32747383,-0.55643869,-0.50722822,-0.94650965,1,-1.0323318,0.046791395,19.90402,-0.014646153,0.03016876,0.15722616
-0.2,0,-9.5,0,0,100.82157,-1.6730046,8.7963077,11.115953,0.32748105,-0.5552827,-0.25347539,-0.47316227,1,-0.51614571,0.016880633,19.824245,-0.0073298993,0.01519229,0.15627666
0,0,-9.5,0,0,100.72282,-1.6717384,8.7966827,11.119751,0.32748341,-0.55489756,-1.5101058e-07,-1.4387356e-07,1,2.8396561e-05,-0.013101722,19.797696,-8.3376478e-06,0.00022930129,0.15596344
0.2,0,-9.5,0,0,100.82157,-1.6730046,8.7963077,11.115953,0.32748104,-0.55528271,0.25347509,0.47316198,1,0.5161947,-0.043091811,19.824268,0.0073149059,-0.014725355,0.15628507
0.4,0,-9.5,0,0,101.11781,-1.6768027,8.7951687,11.104531,0.32747382,-0.55643871,0.50722792,0.94650935,1,1.032357,-0.073025559,19.904067,0.01463634,-0.029676805,0.15724283
0.6,0,-9.5,0,0,101.61154,-1.6831317,8.7932266,11.085407,0.32746142,-0.55836739,0.76153578,1.4202244,1,1.5484819,-0.10283922,20.037379,0.021952122,-0.044631124,0.15884136
0.8,0,-9.5,0,0,102.30272,-1.6919893,8.7904145,11.058451,0.32744323,-0.56107185,1.0166753,1.8944839,1,2.0505626,-0.13246901,20.224695,0.029212767,-0.059596006,0.16108853
1,0,-9.5,0,0,103.19127,-1.7033721,8.7866377,11.023474,0.32741846,-0.56455649,1.2729205,2.3694514,1,2.5800392,-0.15677432,20.464696,0.036546088,-0.074314104,0.16423806
1.2,0,-9.5,0,0,104.27692,-1.7172737,8.7817698,10.98023,0.32738604,-0.56882733,1.530543,2.8452755,1,3.0946569,-0.19092006,20.755715,0.043808268,-0.089591421,0.1678831
1.4,0,-9.5,0,0,105.55921,-1.7336851,8.7756519,10.928409,0.32734465,-0.57389215,1.789814,3.3220909,1,3.6074403,-0.22079598,21.111665,0.051030075,-0.10385882,0.17202675
1.6,0,-9.5,0,0,107.03712,-1.7525907,8.7680814,10.86762,0.32729264,-0.57976079,2.0509971,3.7999976,1,4.1096694,-0.24228728,21.536344,0.058237633,-0.11880555,0.17675822
-1.6,0,-9,0,0,129.73437,-1.9184141,9.4531027,12.144964,0.32230286,-0.59511194,-2.1807342,-4.1705867,1,-5.4052472,0.22826582,25.883343,-0.072655149,0.13907318,0.2069149
-1.4,0,-9,0,0,127.79805,-1.8948136,9.4546025,12.201016,0.32245703,-0.58936531,-1.9017233,-3.6433386,1,-4.714499,0.19915523,25.336462,-0.06347435,0.1213478,0.20108524
-1.2,0,-9,0,0,126.12477,-1.8744022,9.4554998,12.248708,0.32258606,-0.5844058,-1.6253187,-3.1184867,1,-4.030275,0.16954071,24.872206,-0.05433341,0.10382134,0.196127
-1,0,-9,0,0,124.71225,-1.8571599,9.455969,12.288426,0.32269191,-0.58022333,-1.3511137,-2.5956575,1,-3.3515845,0.13947472,24.485213,-0.045234706,0.086397092,0.19199067
-0.8,0,-9,0,0,123.55871,-1.8430719,9.4561548,12.320489,0.32277626,-0.57681024,-1.078725,-2.0745054,1,-2.6768563,0.10901146,24.171974,-0.03615838,0.069052205,0.18864283
-0.6,0,-9,0,0,122.6628,-1.8321262,9.4561759,12.345155,0.32284045,-0.574161,-0.80778202,-1.5546964,1,-2.0051614,0.078225004,23.930213,-0.027102172,0.051750922,0.18606027
-0.4,0,-9,0,0,122.02351,-1.8243142,9.4561239,12.362627,0.32288554,-0.57227133,-0.53792093,-1.0358991,1,-1.3356163,0.047192309,23.758419,-0.018060542,0.034477317,0.18422691
-0.2,0,-9,0,0,121.64018,-1.8196295,9.4560653,12.37305,0.32291228,-0.57113859,-0.26878069,-0.51778016,1,-0.66751755,0.015991083,23.655675,-0.009029565,0.017222156,0.183132
0,0,-9,0,0,121.51245,-1.8180683,9.4560417,12.376515,0.32292115,-0.57076122,-1.5266947e-07,-1.2758169e-07,1,5.0275506e-05,-0.015299321,23.621488,-1.0166633e-07,-2.1289193e-05,0.18276934
0.2,0,-9,0,0,121.64018,-1.8196295,9.4560653,12.37305,0.32291228,-0.5711386,0.26878039,0.51777991,1,0.66760965,-0.046599753,23.655687,0.0090307915,-0.017256875,0.18313675
0.4,0,-9,0,0,122.02351,-1.8243142,9.4561239,12.362627,0.32288553,-0.57227134,0.53792062,1.0358989,1,1.3356826,-0.077830845,23.758442,0.018066207,-0.034488433,0.18423616
0.6,0,-9,0,0,122.66279,-1.8321262,9.4561758,12.345155,0.32284044,-0.57416101,0.8077817,1.5546961,1,2.0051832,-0.10891257,23.930247,0.02711573,-0.051722617,0.18607353
0.8,0,-9,0,0,123.55871,-1.8430719,9.4561548,12.320489,0.32277625,-0.57681026,1.0787247,2.0745051,1,2.6768127,-0.13976612,24.172016,0.036184037,-0.068968543,0.18865941
1,0,-9,0,0,124.71225,-1.8571599,9.455969,12.288426,0.3226919,-0.58022336,1.3511134,2.5956572,1,3.3514517,-0.17031297,24.485262,0.045277717,-0.086241982,0.19200969
1.2,0,-9,0,0,126.12477,-1.8744022,9.4554998,12.248708,0.32258604,-0.58440583,1.6253183,3.1184863,1,4.0300252,-0.20047706,24.872258,0.054400398,-0.10357851,0.19614744
1.4,0,-9,0,0,127.79805,-1.8948137,9.4546024,12.201016,0.32245702,-0.58936535,1.901723,3.6433382,1,4.7140999,-0.23020173,25.336513,0.063573619,-0.12100078,0.20110601
1.6,0,-9,0,0,129.73436,-1.9184141,9.4531026,12.144964,0.32230284,-0.59511199,2.1807338,4.1705864,1,5.4046609,-0.2594316,25.883389,0.072797011,-0.1386053,0.20693492
-1.6,0,-8.5,0,0,156.92004,-2.1114634,10.182536,13.550215,0.31705126,-0.60827408,-2.3055151,-4.5565126,1,-7.0679723,0.23032489,30.876811,-0.089227599,0.15868025,0.23968851
-1.4,0,-8.5,0,0,154.39359,-2.0825348,10.176204,13.59795,0.31732547,-0.60273443,-2.009526,-3.9781436,1,-6.1339511,0.20107919,30.195658,-0.077710044,0.13858361,0.23326321
-1.2,0,-8.5,0,0,152.2193,-2.0575786,10.17045,13.638643,0.31755682,-0.59794975,-1.7166828,-3.4033193,1,-5.226749,0.1711657,29.615005,-0.066374545,0.11867967,0.22774895
-1,0,-8.5,0,0,150.38875,-2.0365367,10.165347,13.672501,0.31774798,-0.5939117,-1.426506,-2.8314882,1,-4.3370431,0.14064648,29.128878,-0.05516195,0.098847035,0.22311884
-0.8,0,-8.5,0,0,148.89653,-2.0193681,10.160995,13.699771,0.31790126,-0.59061451,-1.1385431,-2.2621525,1,-3.4588969,0.10960747,28.734854,-0.044036568,0.079029125,0.21935425
-0.6,0,-8.5,0,0,147.73892,-2.0060433,10.15749,13.720691,0.31801851,-0.58805386,-0.85235179,-1.694828,1,-2.5884496,0.078145408,28.428219,-0.0329745,0.059204493,0.21644206
-0.4,0,-8.5,0,0,146.9136,-1.9965404,10.15492,13.735472,0.31810122,-0.58622692,-0.5674931,-1.1290301,1,-1.723065,0.046362511,28.210561,-0.021957524,0.039371637,0.21437037
-0.2,0,-8.5,0,0,146.41898,-1.9908446,10.153351,13.744274,0.31815042,-0.58513151,-0.28352386,-0.56425727,1,-0.86076888,0.014362284,28.080223,-0.010969837,0.019532799,0.21313111
0,0,-8.5,0,0,146.2542,-1.988947,10.152823,13.747196,0.31816675,-0.5847665,-1.4973684e-07,-1.0163253e-07,1,6.1756821e-05,-0.017753646,28.03682,3.8232467e-06,-0.00030566578,0.21271916
0.2,0,-8.5,0,0,146.41898,-1.9908446,10.153351,13.744274,0.31815042,-0.58513152,0.28352356,0.56425707,1,0.86088329,-0.049882557,28.08023,0.010978535,-0.020136876,0.21313264
0.4,0,-8.5,0,0,146.9136,-1.9965404,10.15492,13.735472,0.31810122,-0.58622693,0.5674928,1.1290299,1,1.7231516,-0.081921486,28.210576,0.021969541,-0.039953921,0.21437307
0.6,0,-8.5,0,0,147.73892,-2.0060433,10.15749,13.72069,0.31801851,-0.58805387,0.85235148,1.6948278,1,2.5884884,-0.1137681,28.428239,0.032992588,-0.059750357,0.21644523
0.8,0,-8.5,0,0,148.89652,-2.0193682,10.160995,13.699771,0.31790126,-0.59061452,1.1385428,2.2621523,1,3.4588654,-0.14531774,28.734879,0.044064293,-0.079523798,0.21935687
1,0,-8.5,0,0,150.38875,-2.0365367,10.165347,13.672501,0.31774798,-0.59391172,1.4265056,2.831488,1,4.3369157,-0.17646657,29.128905,0.055204028,-0.099275558,0.22311958
1.2,0,-8.5,0,0,152.21929,-2.0575787,10.17045,13.638643,0.31755682,-0.59794977,1.7166824,3.403319,1,5.2264958,-0.20711589,29.615031,0.066437179,-0.11902686,0.22774625
1.4,0,-8.5,0,0,154.39358,-2.0825349,10.176204,13.59795,0.31732547,-0.60273446,2.0095256,3.9781433,1,6.1335373,-0.23717742,30.195679,0.077801276,-0.13883404,0.23325528
1.6,0,-8.5,0,0,156.92003,-2.1114635,10.182536,13.550214,0.31705127,-0.60827411,2.3055148,4.5565123,1,7.067357,-0.2665866,30.876822,0.089357679,-0.15881825,0.23967344
-1.6,0,-8,0,0,189.21268,-2.3340603,10.95303,15.085554,0.31155555,-0.61924961,-2.4224082,-4.9531765,1,-9.0423878,0.22662848,36.537567,-0.10679368,0.17959492,0.27539158
-1.4,0,-8,0,0,185.97779,-2.299416,10.937934,15.122801,0.31196941,-0.61399202,-2.1108069,-4.3229904,1,-7.854075,0.19813016,35.742545,-0.093147889,0.15764329,0.26861275
-1.2,0,-8,0,0,183.19122,-2.2694936,10.924523,15.154274,0.31231859,-0.60944463,-1.802584,-3.6968812,1,-6.6988148,0.16868224,35.044113,-0.079622728,0.13549318,0.26264278
-1,0,-8,0,0,180.84321,-2.2442497,10.912869,15.180138,0.31260725,-0.6056027,-1.4973604,-3.0744995,1,-5.5627922,0.13841675,34.447276,-0.066191144,0.11311538,0.25755025
-0.8,0,-8,0,0,178.92783,-2.2236489,10.903093,15.200693,0.31283885,-0.60246287,-1.1947077,-2.4554007,1,-4.4389185,0.107465,33.955912,-0.052840611,0.0905498,0.25337162
-0.6,0,-8,0,0,177.44136,-2.2076608,10.895329,15.216271,0.31301616,-0.60002301,-0.89415622,-1.8390468,1,-3.3230486,0.075962704,33.572337,-0.039560569,0.067848359,0.25012139
-0.4,0,-8,0,0,176.38123,-2.1962604,10.889694,15.227166,0.31314132,-0.59828137,-0.59520492,-1.2248196,1,-2.2125511,0.044047893,33.297798,-0.026338037,0.04506053,0.24780242
-0.2,0,-8,0,0,175.74577,-2.1894281,10.886275,15.233606,0.3132158,-0.59723677,-0.29733148,-0.61204254,1,-1.1054164,0.011854783,33.132908,-0.01315639,0.022224374,0.24641266
0,0,-8,0,0,175.53406,-2.1871521,10.88513,15.235737,0.31324054,-0.59688864,-1.4084527e-07,-6.5640297e-08,1,7.2606195e-05,-0.020485276,33.077928,4.1565249e-06,-0.0006303276,0.2459495
0.2,0,-8,0,0,175.74577,-2.1894282,10.886275,15.233606,0.31321581,-0.59723677,0.2973312,0.61204241,1,1.1055519,-0.052842158,33.132919,0.01316524,-0.023478537,0.24641168
0.4,0,-8,0,0,176.38123,-2.1962604,10.889694,15.227166,0.31314132,-0.59828138,0.59520463,1.2248195,1,2.2126569,-0.085085465,33.297819,0.026348673,-0.046295179,0.24779998
0.6,0,-8,0,0,177.44136,-2.2076609,10.895329,15.216271,0.31301617,-0.60002301,0.89415593,1.8390467,1,3.3231033,-0.11708303,33.572367,0.039574758,-0.069050362,0.25011658
0.8,0,-8,0,0,178.92782,-2.2236489,10.903092,15.200693,0.31283886,-0.60246287,1.1947074,2.4554006,1,4.4388981,-0.14869928,33.95595,0.052860996,-0.091705853,0.25336307
1,0,-8,0,0,180.8432,-2.2442497,10.912868,15.180138,0.31260727,-0.6056027,1.4973601,3.0744993,1,5.5626693,-0.17979435,34.44732,0.066221597,-0.11421194,0.25753619
1.2,0,-8,0,0,183.19121,-2.2694937,10.924523,15.154274,0.31231861,-0.60944463,1.8025837,3.696881,1,6.6985576,-0.21023028,35.044159,0.079668715,-0.13651644,0.26262104
1.4,0,-8,0,0,185.97779,-2.2994161,10.937934,15.122801,0.31196944,-0.61399202,2.1108066,4.3229902,1,7.853646,-0.23987323,35.742591,0.093216838,-0.15857913,0.26858086
1.6,0,-8,0,0,189.21267,-2.3340604,10.95303,15.085554,0.31155559,-0.61924962,2.4224079,4.9531763,1,9.0417434,-0.26858868,36.537606,0.10689536,-0.18042894,0.27534674
-1.6,0,-7.5,0,0,227.36197,-2.5894647,11.762057,16.754551,0.30585424,-0.62812123,-2.5319047,-5.3632384,1,-11.317185,0.21696123,43.151858,-0.12543038,0.20500897,0.31597107
-1.4,0,-7.5,0,0,223.29113,-2.5486637,11.737702,16.780343,0.3064254,-0.62318865,-2.2049336,-4.6781096,1,-9.9256063,0.1896575,42.174771,-0.10999534,0.18109326,0.30832679
-1.2,0,-7.5,0,0,219.75655,-2.5132696,11.71565,16.800442,0.30690595,-0.61892208,-1.8818008,-3.997919,1,-8.5179397,0.1617463,41.292898,-0.094666498,0.15614505,0.30156206
-1,0,-7.5,0,0,216.76315,-2.4833417,11.696304,16.815727,0.30730251,-0.61531671,-1.5622491,-3.3227126,1,-7.1020468,0.13236991,40.52797,-0.078531723,0.13053797,0.29574755
-0.8,0,-7.5,0,0,214.31362,-2.4588931,11.680015,16.827033,0.30762033,-0.61236947,-1.2458448,-2.6521105,1,-5.6807976,0.10217869,39.893874,-0.062727806,0.10451802,0.29098252
-0.6,0,-7.5,0,0,212.40898,-2.4399123,11.667066,16.835079,0.30786351,-0.61007852,-0.93204475,-1.9854463,1,-4.2587095,0.071334119,39.397451,-0.046967946,0.078262533,0.28728495
-0.4,0,-7.5,0,0,211.04918,-2.4263775,11.65767,16.840426,0.3080351,-0.60844277,-0.62023916,-1.3218655,1,-2.8377261,0.039997997,39.041824,-0.031267531,0.051884155,0.28465303
-0.2,0,-7.5,0,0,210.23362,-2.4182668,11.651975,16.843475,0.30813722,-0.60746151,-0.30978087,-0.66039734,1,-1.4180289,0.0083304372,38.828212,-0.01561839,0.025449836,0.28307832
0,0,-7.5,0,0,209.96182,-2.4155651,11.650067,16.844465,0.30817112,-0.60713441,-1.2449764e-07,-1.9114155e-08,1,9.166262e-05,-0.023514407,38.756993,1.9894443e-06,-0.0010029906,0.28255355
0.2,0,-7.5,0,0,210.23362,-2.4182668,11.651975,16.843475,0.30813722,-0.60746151,0.30978062,0.6603973,1,1.4182019,-0.055381195,38.828233,0.015622254,-0.02745028,0.28307586
0.4,0,-7.5,0,0,211.04917,-2.4263775,11.65767,16.840426,0.30803511,-0.60844277,0.6202389,1.3218655,1,2.8378676,-0.087114235,39.041864,0.031271231,-0.053867943,0.28464754
0.6,0,-7.5,0,0,212.40898,-2.4399124,11.667065,16.835078,0.30786352,-0.61007852,0.93204449,1.9854462,1,4.2587967,-0.11855832,39.39751,0.046971986,-0.080218405,0.28727529
0.8,0,-7.5,0,0,214.31361,-2.4588932,11.680015,16.827033,0.30762035,-0.61236947,1.2458445,2.6521104,1,5.680805,-0.14955156,39.89395,0.062733612,-0.10643449,0.29096699
1,0,-7.5,0,0,216.76314,-2.4833417,11.696304,16.815727,0.30730254,-0.61531671,1.5622488,3.3227125,1,7.1019451,-0.17992961,40.528061,0.078542032,-0.13240324,0.29572394
1.2,0,-7.5,0,0,219.75655,-2.5132697,11.71565,16.800442,0.30690599,-0.61892208,1.8818005,3.997919,1,8.5184833,-0.20952771,41.293,0.094347491,-0.15794694,0.30152765
1.4,0,-7.5,0,0,223.29112,-2.5486638,11.737702,16.780343,0.30642546,-0.62318864,2.2049333,4.6781094,1,9.9233226,-0.23814693,42.176809,0.11001272,-0.18279157,0.30824446
1.6,0,-7.5,0,0,227.36196,-2.5894648,11.762057,16.754551,0.30585432,-0.62812122,2.5319044,5.3632383,1,11.318194,-0.26642734,43.152988,0.12550081,-0.20642211,0.31582508
-1.6,0,-7,0,0,272.55035,-2.883151,12.612929,18.57488,0.30000793,-0.6349513,-2.634894,-5.7924718,1,-14.405659,0.20394173,51.296921,-0.14870223,0.24269132,0.36405034
-1.4,0,-7,0,0,267.34107,-2.8347436,12.576456,18.58347,0.30074764,-0.63037113,-2.2906399,-5.0432834,1,-12.746329,0.17760426,49.815893,-0.13064641,0.21375658,0.35372823
-1.2,0,-7,0,0,262.78938,-2.7927282,12.543004,18.586014,0.3013677,-0.62642214,-1.9521453,-4.3032315,1,-10.983235,0.14837139,48.524415,-0.11172198,0.18333312,0.34511176
-1,0,-7,0,0,258.92401,-2.7572336,12.513556,18.584974,0.30187828,-0.62309106,-1.6187828,-3.5718143,1,-9.1729431,0.12206308,47.446926,-0.093294896,0.15282178,0.33822364
-0.8,0,-7,0,0,255.75831,-2.7282783,12.488784,18.582146,0.30228702,-0.62037057,-1.2897703,-2.8479846,1,-7.3386072,0.093156122,46.566191,-0.074235667,0.12187358,0.33226246
-0.6,0,-7,0,0,253.29692,-2.7058307,12.46914,18.578809,0.30259957,-0.61825672,-0.96426004,-2.1304073,1,-5.4999224,0.063788989,45.88986,-0.05550907,0.090948591,0.32791283
-0.4,0,-7,0,0,251.54026,-2.6898428,12.454924,18.575854,0.30282006,-0.61674759,-0.64137965,-1.4175967,1,-3.6632374,0.033885623,45.411001,-0.036915577,0.060090556,0.32485725
-0.2,0,-7,0,0,250.48712,-2.6802701,12.446326,18.573862,0.30295128,-0.61584232,-0.32025209,-0.70799314,1,-1.8307855,0.0035561729,45.125008,-0.018430437,0.029234362,0.32304248
0,0,-7,0,0,250.13623,-2.6770828,12.443448,18.573162,0.30299485,-0.6155406,-9.9156945e-08,3.8745209e-08,1,0.00012423548,-0.026861965,45.031463,-1.1773095e-06,-0.001432668,0.32244844
0.2,0,-7,0,0,250.48711,-2.6802701,12.446326,18.573862,0.30295129,-0.61584232,0.32025189,0.70799321,1,1.8310231,-0.057309095,45.12504,0.018427189,-0.032095372,0.32303992
0.4,0,-7,0,0,251.54026,-2.6898428,12.454924,18.575854,0.30282008,-0.61674758,0.64137945,1.4175968,1,3.6634416,-0.087725117,45.411064,0.036909838,-0.062938534,0.32485146
0.6,0,-7,0,0,253.29692,-2.7058307,12.46914,18.578809,0.3025996,-0.61825671,0.96425983,2.1304074,1,5.500069,-0.11777139,45.889953,0.055499812,-0.093774663,0.32790249
0.8,0,-7,0,0,255.7583,-2.7282784,12.488784,18.582145,0.30228705,-0.62037056,1.28977,2.8479847,1,7.3386692,-0.1473356,46.566313,0.074222825,-0.12466859,0.33224557
1,0,-7,0,0,258.924,-2.7572337,12.513556,18.584974,0.30187833,-0.62309105,1.6187825,3.5718143,1,9.1728794,-0.17619456,47.448246,0.09324501,-0.15568222,0.33814981
1.2,0,-7,0,0,262.78937,-2.7927283,12.543004,18.586014,0.30136776,-0.62642212,1.952145,4.3032316,1,10.990515,-0.20439565,48.524778,0.11273998,-0.18623458,0.34421857
1.4,0,-7,0,0,267.34106,-2.8347437,12.576456,18.583469,0.30074771,-0.63037111,2.2906396,5.0432834,1,12.743674,-0.23165186,49.81,0.13062814,-0.2161998,0.35298147
1.6,0,-7,0,0,272.55034,-2.8831511,12.612929,18.574879,0.30000803,-0.63495127,2.6348937,5.7924718,1,14.40565,-0.25919958,51.301278,0.14880822,-0.2450762,0.36383768
-1.6,0,-6.5,0,0,326.42828,-3.2215651,13.513394,20.580954,0.29409495,-0.6396761,-2.7222925,-6.2259562,1,-19.749324,0.17806041,61.154957,-0.18355007,0.30013193,0.41823644
-1.4,0,-6.5,0,0,319.33542,-3.1622985,13.456053,20.551482,0.29500268,-0.63552668,-2.3596203,-5.4021581,1,-17.219862,0.15519381,58.626364,-0.1587822,0.25876087,0.40360241
-1.2,0,-6.5,0,0,313.22054,-3.1115433,13.404933,20.520633,0.29576186,-0.63196519,-2.006641,-4.5977181,1,-14.661904,0.13048861,56.619025,-0.13428948,0.21866561,0.39222837
-1,0,-6.5,0,0,308.08304,-3.0690883,13.36092,20.49145,0.2963866,-0.62896707,-1.6613975,-3.8090292,1,-12.128224,0.10493762,55.034144,-0.11083499,0.17991049,0.38324869
-0.8,0,-6.5,0,0,303.90977,-3.0347027,13.324512,20.465812,0.29688681,-0.6265202,-1.322244,-3.0328948,1,-9.6380123,0.079354264,53.80621,-0.088544201,0.14230203,0.37591169
-0.6,0,-6.5,0,0,300.6845,-3.0081806,13.295994,20.444914,0.2972695,-0.62461897,-0.98775861,-2.2664614,1,-7.1850805,0.052600568,52.885621,-0.065447381,0.10553833,0.37112073
-0.4,0,-6.5,0,0,298.39236,-2.9893561,13.275532,20.429522,0.29753962,-0.62326135,-0.65666424,-1.5071131,1,-4.7694189,0.025245546,52.24647,-0.043404414,0.0693885,0.3684717
-0.2,0,-6.5,0,0,297.02185,-2.9781094,13.263222,20.420113,0.29770043,-0.62244675,-0.32778548,-0.75240829,1,-2.3783303,-0.0025350005,51.870332,-0.021634996,0.033633137,0.36580605
0,0,-6.5,0,0,296.56582,-2.9743685,13.259113,20.416949,0.29775384,-0.62217521,-6.3449657e-08,1.0898293e-07,1,0.0001698163,-0.030550693,51.745867,-3.4423841e-06,-0.0019296152,0.36513166
0.2,0,-6.5,0,0,297.02185,-2.9781094,13.263222,20.420113,0.29770044,-0.62244675,0.32778535,0.7524085,1,2.3786584,-0.058605087,51.870337,0.021626349,-0.037489589,0.36580169
0.4,0,-6.5,0,0,298.39236,-2.9893561,13.275532,20.429522,0.29753964,-0.62326134,0.65666411,1.5071133,1,4.7697119,-0.086501447,52.247309,0.043390666,-0.073236568,0.36788042
0.6,0,-6.5,0,0,300.68449,-3.0081806,13.295994,20.444914,0.29726953,-0.62461895,0.98775847,2.2664616,1,7.1853128,-0.11404848,52.886176,0.065425761,-0.10937224,0.37134576
0.8,0,-6.5,0,0,303.90976,-3.0347027,13.324512,20.465812,0.29688686,-0.62652019,1.3222439,3.032895,1,9.6359209,-0.14106875,53.805493,0.087866641,-0.14611576,0.37634532
1,0,-6.5,0,0,308.08303,-3.0690883,13.36092,20.491449,0.29638666,-0.62896705,1.6613973,3.8090294,1,12.127682,-0.1667291,55.031675,0.1106986,-0.18384063,0.38287106
1.2,0,-6.5,0,0,313.22053,-3.1115434,13.404932,20.520633,0.29576193,-0.63196516,2.0066408,4.5977183,1,14.661785,-0.19282454,56.619849,0.13439918,-0.22246072,0.39243491
1.4,0,-6.5,0,0,319.3354,-3.1622985,13.456053,20.551482,0.29500278,-0.63552664,2.3596201,5.4021582,1,17.219686,-0.21805576,58.627194,0.15875236,-0.26242228,0.40387066
1.6,0,-6.5,0,0,326.42827,-3.2215652,13.513394,20.580953,0.29409508,-0.63967605,2.7222923,6.2259563,1,19.749191,-0.24263395,61.152978,0.18359337,-0.30377719,0.41805287
-1.6,0,-6,0,0,389.95401,-3.6051421,14.457859,22.786402,0.28819303,-0.64218573,-2.7661034,-6.5963197,1,-28.617135,0.13671487,70.791532,-0.23023457,0.36975795,0.46551214
-1.4,0,-6,0,0,379.89018,-3.5319266,14.36781,22.683854,0.28925427,-0.63865146,-2.3930745,-5.7070878,1,-23.939318,0.1192646,67.284971,-0.19346015,0.30890122,0.44940922
-1.2,0,-6,0,0,371.50405,-3.4706846,14.291809,22.597182,0.29014433,-0.63560332,-2.0325554,-4.8477,1,-19.835243,0.10054524,64.654798,-0.16084036,0.25589158,0.4373694
-1,0,-6,0,0,364.61532,-3.4202328,14.22869,22.525052,0.29087891,-0.6330258,-1.6814087,-4.010559,1,-16.111691,0.080528223,62.648787,-0.13096952,0.20783846,0.42819089
-0.8,0,-6,0,0,359.1032,-3.3797774,14.17771,22.466644,0.29146855,-0.63091406,-1.33736,-3.1901886,1,-12.646353,0.059321757,61.123409,-0.10301617,0.1629545,0.42122686
-0.6,0,-6,0,0,354.88582,-3.348778,14.138407,22.421489,0.29192059,-0.62926818,-0.9986239,-2.3823253,1,-9.3537624,0.03658355,59.998164,-0.076318818,0.12042903,0.41605697
-0.4,0,-6,0,0,351.90807,-3.3268682,14.110493,22.389339,0.29224013,-0.62809016,-0.66369864,-1.5834099,1,-6.1777707,0.013602096,59.221169,-0.050331564,0.078733181,0.41245671
-0.2,0,-6,0,0,350.13459,-3.313811,14.093804,22.37008,0.29243055,-0.62738228,-0.33124139,-0.79028092,1,-3.071869,-0.010320882,58.76472,-0.025091699,0.037952747,0.4104017
0,0,-6,0,0,349.54554,-3.309473,14.088249,22.363663,0.29249382,-0.62714611,-1.6591422e-08,1.9238281e-07,1,0.00022069883,-0.034607418,58.614122,-2.577287e-06,-0.0025050793,0.40971168
0.2,0,-6,0,0,350.13459,-3.313811,14.093804,22.37008,0.29243057,-0.62738228,0.33124136,0.7902813,1,3.0731704,-0.061110561,58.76659,0.025181554,-0.043260596,0.4106146
0.4,0,-6,0,0,351.90806,-3.3268682,14.110493,22.389339,0.29224015,-0.62809014,0.66369861,1.5834103,1,6.1780378,-0.082780853,59.220326,0.050394564,-0.08367789,0.41233118
0.6,0,-6,0,0,354.88581,-3.348778,14.138406,22.421489,0.29192063,-0.62926817,0.99862386,2.3823257,1,9.3551933,-0.10746444,59.998327,0.076372154,-0.1253317,0.4160187
0.8,0,-6,0,0,359.1032,-3.3797774,14.17771,22.466644,0.2914686,-0.63091403,1.33736,3.190189,1,12.645852,-0.13070586,61.128773,0.10296,-0.16814797,0.42179761
1,0,-6,0,0,364.61531,-3.4202328,14.228689,22.525052,0.29087897,-0.63302577,1.6814086,4.0105594,1,16.111765,-0.15314097,62.649239,0.13090438,-0.2131017,0.42818082
1.2,0,-6,0,0,371.50404,-3.4706846,14.291809,22.597182,0.29014442,-0.63560328,2.0325554,4.8477004,1,19.835102,-0.17433489,64.655266,0.16075693,-0.26108233,0.43735294
1.4,0,-6,0,0,379.89017,-3.5319266,14.367809,22.683853,0.28925438,-0.6386514,2.3930744,5.7070882,1,23.93893,-0.19429463,67.285423,0.19336898,-0.31401995,0.44938077
1.6,0,-6,0,0,389.95399,-3.6051421,14.457858,22.786402,0.28819317,-0.64218567,2.7661033,6.59632,1,28.61645,-0.21305721,70.791935,0.23014851,-0.3748043,0.46546507
-1.6,0,-5.5,0,0,461.12147,-4.0210096,15.403737,25.109876,0.28233305,-0.64273405,-2.7401212,-6.8162239,1,-38.226564,0.078103121,76.669018,-0.26617685,0.41753064,0.49278402
-1.4,0,-5.5,0,0,447.82809,-3.9367319,15.281538,24.922478,0.28353776,-0.63998003,-2.3757342,-5.9048108,1,-31.264817,0.070885293,73.771465,-0.22183613,0.34518564,0.48463628
-1.2,0,-5.5,0,0,436.95349,-3.8666997,15.181096,24.772531,0.28455488,-0.63754962,-2.0205487,-5.0192585,1,-25.52881,0.06037994,71.396648,-0.18347812,0.28449236,0.47712112
-1,0,-5.5,0,0,428.12662,-3.8092444,15.099076,24.652209,0.28539839,-0.63546165,-1.6728546,-4.1540385,1,-20.541877,0.047310118,69.467519,-0.14891735,0.23061857,0.47055938
-0.8,0,-5.5,0,0,421.11791,-3.7632914,15.033541,24.557094,0.2860778,-0.63373196,-1.3312079,-3.304849,1,-16.022358,0.032308529,67.935726,-0.11741134,0.18069803,0.46444927
-0.6,0,-5.5,0,0,415.7818,-3.7281352,14.983357,24.484702,0.28659989,-0.63237329,-0.99430724,-2.4680534,1,-11.808257,0.01785637,66.763025,-0.086442574,0.13345136,0.46072844
-0.4,0,-5.5,0,0,412.02572,-3.7033114,14.947864,24.433669,0.2869695,-0.63139557,-0.66092816,-1.6403694,1,-7.7764514,-0.0012257654,65.93726,-0.056687728,0.087296105,0.4575448
-0.2,0,-5.5,0,0,409.79272,-3.6885258,14.926692,24.403275,0.28718998,-0.63080611,-0.32988241,-0.81869141,1,-3.8639875,-0.02107488,65.448249,-0.028429296,0.041807553,0.45567104
0,0,-5.5,0,0,409.05167,-3.6836148,14.919654,24.393177,0.28726326,-0.63060915,4.0927376e-08,2.8846933e-07,1,0.00069053318,-0.041632333,65.285065,5.9709993e-06,-0.003091347,0.45503725
0.2,0,-5.5,0,0,409.79271,-3.6885258,14.926692,24.403275,0.28718999,-0.63080611,0.3298825,0.81869199,1,3.8626491,-0.052738281,65.446465,0.028211658,-0.04855835,0.45539792
0.4,0,-5.5,0,0,412.02572,-3.7033114,14.947863,24.433669,0.28696952,-0.63139555,0.66092824,1.64037,1,7.7805366,-0.072615567,65.938007,0.057093517,-0.093840141,0.45777218
0.6,0,-5.5,0,0,415.78179,-3.7281352,14.983357,24.484702,0.28659992,-0.63237327,0.99430733,2.468054,1,11.808625,-0.091737643,66.763411,0.086422574,-0.1399052,0.46083947
0.8,0,-5.5,0,0,421.1179,-3.7632914,15.033541,24.557094,0.28607785,-0.63373193,1.3312079,3.3048495,1,16.024471,-0.11025284,67.93336,0.11689433,-0.18725763,0.46452061
1,0,-5.5,0,0,428.12661,-3.8092444,15.099076,24.652208,0.28539846,-0.63546161,1.6728547,4.1540391,1,20.542043,-0.12525511,69.467492,0.14886674,-0.23713457,0.47019227
1.2,0,-5.5,0,0,436.95348,-3.8666997,15.181096,24.772531,0.28455496,-0.63754957,2.0205488,5.019259,1,25.528182,-0.14201862,71.396904,0.18325183,-0.29116832,0.47688265
1.4,0,-5.5,0,0,447.82808,-3.9367318,15.281538,24.922477,0.28353787,-0.63997997,2.3757342,5.9048113,1,31.264324,-0.15154681,73.771744,0.22171445,-0.35152606,0.4844266
1.6,0,-5.5,0,0,461.12145,-4.0210095,15.403736,25.109875,0.2823332,-0.64273398,2.7401213,6.8162244,1,38.225686,-0.16030893,76.669117,0.26603035,-0.42380061,0.4924796
-1.6,0,-5,0,0,536.35853,-4.4567553,16.301391,27.41777,0.27648497,-0.64207798,-2.6643279,-6.9036411,1,-43.639823,0.033082297,80.02995,-0.27055459,0.43090984,0.51710504
-1.4,0,-5,0,0,521.01661,-4.369839,16.16413,27.181663,0.27785868,-0.64003767,-2.3190497,-6.0038743,1,-36.429385,0.033114401,78.626688,-0.23172172,0.36295172,0.51916869
-1.2,0,-5,0,0,508.2459,-4.2959558,16.049051,26.988108,0.27902016,-0.63819488,-1.9771,-5.1154383,1,-30.179305,0.026104204,77.042148,-0.19445507,0.30303951,0.51786457
-1,0,-5,0,0,497.75086,-4.234394,15.953696,26.829803,0.2799841,-0.63658451,-1.6392603,-4.2393599,1,-24.539019,0.023090375,75.489541,-0.16063571,0.24978128,0.51439647
-0.8,0,-5,0,0,489.34432,-4.1846339,15.876689,26.702818,0.28076062,-0.63523355,-1.3055788,-3.3752034,1,-19.281052,0.011473836,74.111383,-0.12605371,0.19766282,0.51133484
-0.6,0,-5,0,0,482.90517,-4.1462939,15.817271,26.605132,0.28135721,-0.63416263,-0.9756268,-2.5215209,1,-14.278358,-0.0014487853,72.97461,-0.094616325,0.14718374,0.50738647
-0.4,0,-5,0,0,478.35464,-4.1190973,15.775034,26.535762,0.28177946,-0.63338723,-0.64867336,-1.6761816,1,-9.4363876,-0.015704344,72.135306,-0.061890604,0.097371452,0.50440388
-0.2,0,-5,0,0,475.64267,-4.1028534,15.749759,26.494254,0.28203126,-0.63291775,-0.3238039,-0.83661699,1,-4.6954169,-0.030822486,71.620431,-0.031233752,0.047904588,0.50267416
0,0,-5,0,0,474.74167,-4.0974511,15.741345,26.480435,0.28211494,-0.63276059,1.0660543e-07,3.9426097e-07,1,0.010842026,-0.061624685,71.451026,0.00096812327,-0.0013788524,0.50369586
0.2,0,-5,0,0,475.64266,-4.1028534,15.749759,26.494254,0.28203127,-0.63291774,0.32380411,0.83661778,1,4.6959841,-0.048689414,71.623046,0.031224447,-0.054359489,0.50275789
0.4,0,-5,0,0,478.35464,-4.1190972,15.775034,26.535762,0.28177948,-0.63338722,0.64867358,1.6761824,1,9.4378575,-0.062588338,72.123391,0.062658736,-0.10388431,0.5036049
0.6,0,-5,0,0,482.90516,-4.1462939,15.817271,26.605132,0.28135724,-0.63416261,0.97562703,2.5215217,1,14.278639,-0.075567641,72.949758,0.09451555,-0.15374337,0.50584275
0.8,0,-5,0,0,489.34431,-4.1846339,15.876688,26.702818,0.28076066,-0.63523352,1.305579,3.3752042,1,19.281123,-0.090934278,74.075937,0.12650609,-0.2008072,0.50879929
1,0,-5,0,0,497.75085,-4.2343939,15.953696,26.829802,0.27998416,-0.63658446,1.6392606,4.2393607,1,24.539265,-0.1011613,75.462646,0.16056534,-0.25186212,0.51250168
1.2,0,-5,0,0,508.24589,-4.2959557,16.049051,26.988107,0.27902025,-0.63819482,1.9771002,5.1154392,1,30.182481,-0.10250839,77.023807,0.19445112,-0.30995418,0.51650757
1.4,0,-5,0,0,521.01659,-4.3698389,16.164129,27.181662,0.27785878,-0.6400376,2.3190499,6.0038751,1,36.429199,-0.10631008,78.623939,0.23167662,-0.36879604,0.51772496
1.6,0,-5,0,0,536.35851,-4.4567551,16.30139,27.417769,0.27648511,-0.64207789,2.6643282,6.903642,1,43.664335,-0.10603749,80.054554,0.27091509,-0.43660687,0.51687096
-1.6,0,-4.5,0,0,615.77487,-4.9214938,17.153212,29.689967,0.27064101,-0.64080122,-2.5857297,-6.9751748,1,-45.74005,-0.02896307,86.261385,-0.25779402,0.43421781,0.56361846
-1.4,0,-4.5,0,0,599.33204,-4.8367584,17.012905,29.44176,0.27224496,-0.63927335,-2.2507686,-6.071174,1,-39.867524,-0.023619116,85.029891,-0.23071675,0.37682346,0.56536267
-1.2,0,-4.5,0,0,585.12043,-4.7619597,16.889962,29.224119,0.27358752,-0.63789786,-1.918193,-5.1729779,1,-34.101201,-0.021465181,83.369053,-0.20114524,0.32298371,0.56420149
-1,0,-4.5,0,0,573.1227,-4.6979877,16.784793,29.036939,0.27469263,-0.63669364,-1.5895626,-4.2854085,1,-28.345854,-0.019281142,81.626152,-0.16853214,0.27044666,0.56048212
-0.8,0,-4.5,0,0,563.33417,-4.6453647,16.697984,28.881421,0.27557715,-0.6356796,-1.2652903,-3.4100185,1,-22.610407,-0.023122328,80.023366,-0.13625648,0.21605055,0.55584695
-0.6,0,-4.5,0,0,555.74498,-4.6043495,16.630028,28.75894,0.27625345,-0.63487247,-0.94505839,-2.546162,1,-16.901833,-0.028920583,78.687914,-0.10165942,0.16173337,0.5533242
-0.4,0,-4.5,0,0,550.34026,-4.5750422,16.581277,28.670648,0.2767305,-0.63428585,-0.62811631,-1.691825,1,-11.237322,-0.036170609,77.702582,-0.067755796,0.1070778,0.55067802
-0.2,0,-4.5,0,0,547.10488,-4.5574631,16.551949,28.617359,0.27701437,-0.63392982,-0.3134704,-0.84418916,1,-5.6084786,-0.044381401,77.100212,-0.033840021,0.05223836,0.54902376
0,0,-4.5,0,0,546.02781,-4.5516054,16.542161,28.599546,0.27710862,-0.63381053,1.7548999e-07,5.0317075e-07,1,0.0060355663,-0.049049295,76.89781,0.0016854428,-0.0022843687,0.54845898
0.2,0,-4.5,0,0,547.10487,-4.5574631,16.551949,28.617359,0.27701438,-0.63392982,0.31347076,0.84419017,1,5.6086469,-0.055935238,77.100287,0.033798196,-0.057225775,0.54904396
0.4,0,-4.5,0,0,550.34026,-4.5750422,16.581277,28.670648,0.27673051,-0.63428583,0.62811667,1.6918261,1,11.23744,-0.062472957,77.702776,0.067695789,-0.11207348,0.55072344
0.6,0,-4.5,0,0,555.74497,-4.6043495,16.630028,28.75894,0.27625348,-0.63487244,0.94505877,2.5461631,1,16.901985,-0.068134999,78.688218,0.10159111,-0.16670715,0.55338816
0.8,0,-4.5,0,0,563.33416,-4.6453646,16.697983,28.881421,0.27557718,-0.63567957,1.2652907,3.4100196,1,22.609077,-0.072403492,80.019459,0.13623642,-0.22097007,0.55681198
1,0,-4.5,0,0,573.1227,-4.6979877,16.784793,29.036939,0.27469268,-0.6366936,1.589563,4.2854096,1,28.350016,-0.074767748,81.626975,0.16715384,-0.27430355,0.55925293
1.2,0,-4.5,0,0,585.12042,-4.7619596,16.889961,29.224118,0.27358759,-0.6378978,1.9181935,5.172979,1,34.102301,-0.074913729,83.369665,0.20157367,-0.32749573,0.56384137
1.4,0,-4.5,0,0,599.33203,-4.8367583,17.012904,29.44176,0.27224504,-0.63927328,2.2507691,6.0711752,1,39.871169,-0.071631613,85.02964,0.2307728,-0.38124502,0.56685325
1.6,0,-4.5,0,0,615.77485,-4.9214936,17.153211,29.689966,0.27064111,-0.64080113,2.5857303,6.975176,1,45.741438,-0.065499057,86.257309,0.25772289,-0.43842367,0.5663158
-1.6,0,-4,0,0,704.45266,-5.4445793,18.0078,32.050175,0.26491152,-0.63893106,-2.5244459,-7.1105217,1,-50.873308,-0.096101811,100.03566,-0.26103459,0.48553247,0.65365013
-1.4,0,-4,0,0,685.74708,-5.3565964,17.854988,31.775477,0.26681525,-0.63779309,-2.1807671,-6.1464512,1,-46.21457,-0.07913645,95.796704,-0.24330609,0.432227,0.64055245
-1.2,0,-4,0,0,669.06449,-5.2765948,17.71604,31.516009,0.26836835,-0.63680915,-1.8478007,-5.2077035,1,-40.438575,-0.080412721,91.834014,-0.21670483,0.37007286,0.6279446
-1,0,-4,0,0,654.74293,-5.2071291,17.594815,31.28348,0.26962311,-0.63596427,-1.5247465,-4.2953691,1,-34.009152,-0.072778941,88.460142,-0.18388633,0.30952827,0.61728991
-0.8,0,-4,0,0,642.95889,-5.1495524,17.493748,31.085998,0.27061452,-0.635258,-1.210034,-3.4068095,1,-27.282414,-0.062212815,85.734092,-0.14807903,0.24740084,0.60848642
-0.6,0,-4,0,0,633.78512,-5.1045089,17.414248,30.928688,0.27136608,-0.63469656,-0.90190659,-2.5378267,1,-20.450204,-0.060152678,83.697281,-0.11173647,0.1845512,0.60192822
-0.4,0,-4,0,0,627.23987,-5.0722658,17.357088,30.814639,0.27189334,-0.63428806,-0.59862688,-1.6836531,1,-13.612108,-0.059652192,82.272283,-0.07454386,0.12154681,0.59809473
-0.2,0,-4,0,0,623.31877,-5.0529103,17.322669,30.745616,0.27220608,-0.63403973,-0.29852689,-0.83935922,1,-6.7966212,-0.060227516,81.432084,-0.037225374,0.058607713,0.59629788
0,0,-4,0,0,622.01298,-5.0464583,17.311178,30.722516,0.27230976,-0.63395636,2.402129e-07,6.044719e-07,1,0.0036700281,-0.057609518,81.157213,5.9844573e-05,-0.0031049468,0.59632933
0.2,0,-4,0,0,623.31877,-5.0529103,17.322669,30.745616,0.27220609,-0.63403973,0.29852737,0.83936044,1,6.7969441,-0.057280612,81.422689,0.037269299,-0.065985677,0.59607982
0.4,0,-4,0,0,627.23987,-5.0722658,17.357088,30.814639,0.27189335,-0.63428804,0.59862738,1.6836543,1,13.612377,-0.056566225,82.269307,0.074552492,-0.12891814,0.59865657
0.6,0,-4,0,0,633.78512,-5.104509,17.414248,30.928688,0.2713661,-0.63469654,0.90190712,2.537828,1,20.450477,-0.054883899,83.703338,0.11171991,-0.19187902,0.60304203
0.8,0,-4,0,0,642.95889,-5.1495524,17.493748,31.085998,0.27061455,-0.63525797,1.2100346,3.4068108,1,27.281183,-0.051717396,85.756891,0.14876341,-0.25464389,0.60938727
1,0,-4,0,0,654.74293,-5.2071291,17.594815,31.28348,0.26962314,-0.63596422,1.5247471,4.2953705,1,34.009886,-0.046000299,88.46402,0.18383385,-0.31645448,0.61801267
1.2,0,-4,0,0,669.06449,-5.2765948,17.71604,31.516009,0.2683684,-0.63680909,1.8478013,5.207705,1,40.439447,-0.037867245,91.838542,0.21661882,-0.37682292,0.62869193
1.4,0,-4,0,0,685.74708,-5.3565963,17.854988,31.775477,0.26681531,-0.63779301,2.1807678,6.1464528,1,46.221275,-0.027067964,95.803785,0.24400809,-0.4340225,0.64130255
1.6,0,-4,0,0,704.45266,-5.4445793,18.0078,32.050174,0.26491159,-0.63893097,2.5244467,7.1105233,1,50.881175,-0.013863574,100.04394,0.26170629,-0.48716797,0.65433386
-1.6,0,-3.5,0,0,811.20258,-6.0690653,18.928036,34.718495,0.25966089,-0.63602451,-2.4389224,-7.2346664,1,-74.333199,-0.19762703,123.27254,-0.35564877,0.66647362,0.79397051
-1.4,0,-3.5,0,0,784.45221,-5.9526385,18.717836,34.292037,0.26184375,-0.63540455,-2.0750758,-6.1502031,1,-64.58886,-0.15887152,109.55243,-0.31473278,0.56659557,0.73608399
-1.2,0,-3.5,0,0,761.59909,-5.8517674,18.534797,33.905631,0.26355847,-0.63489685,-1.7416133,-5.1538229,1,-54.311871,-0.12787883,100.36939,-0.2675407,0.47187333,0.69933289
-1,0,-3.5,0,0,742.6508,-5.7673742,18.380627,33.572795,0.26491601,-0.63446147,-1.4284976,-4.2199838,1,-44.337687,-0.10312984,94.081498,-0.22002904,0.38374537,0.67537805
-0.8,0,-3.5,0,0,727.44883,-5.6992326,18.255332,33.298626,0.26597735,-0.63409072,-1.1292885,-3.3307466,1,-34.820516,-0.096243577,89.709292,-0.1734266,0.30066372,0.65998246
-0.6,0,-3.5,0,0,715.81929,-5.6468612,18.158494,33.084939,0.2667776,-0.63378931,-0.83965062,-2.4731812,1,-25.738764,-0.083364684,86.692144,-0.12896209,0.22199733,0.64956915
-0.4,0,-3.5,0,0,707.61719,-5.6098025,18.089668,32.932273,0.26733752,-0.63356572,-0.55645954,-1.63742,1,-16.978245,-0.072928556,84.708209,-0.085266327,0.14620025,0.64292642
-0.2,0,-3.5,0,0,702.73769,-5.5877092,18.048512,32.840706,0.26766924,-0.63342791,-0.27726967,-0.81538791,1,-8.4349451,-0.064208852,83.578614,-0.04237708,0.072235811,0.63920955
0,0,-3.5,0,0,701.11812,-5.5803685,18.034817,32.810192,0.26777915,-0.63338133,2.9163135e-07,6.840253e-07,1,0.0066663862,-0.0563938,83.211372,0.001328557,-0.00085340702,0.63798183
0.2,0,-3.5,0,0,702.73769,-5.5877092,18.048512,32.840706,0.26766924,-0.6334279,0.27727026,0.81538928,1,8.4350816,-0.055767874,83.578725,0.042467552,-0.077546013,0.63932823
0.4,0,-3.5,0,0,707.61719,-5.6098026,18.089668,32.932273,0.26733752,-0.63356571,0.55646015,1.6374214,1,16.978355,-0.046801316,84.707959,0.085317172,-0.15134016,0.64291182
0.6,0,-3.5,0,0,715.8193,-5.6468613,18.158494,33.084939,0.2667776,-0.63378928,0.83965127,2.4731826,1,25.738951,-0.036488452,86.691666,0.12897012,-0.22694172,0.64928467
0.8,0,-3.5,0,0,727.44884,-5.6992327,18.255333,33.298626,0.26597735,-0.63409069,1.1292891,3.3307481,1,34.826779,-0.024092557,89.708895,0.17380559,-0.30538685,0.65972881
1,0,-3.5,0,0,742.65081,-5.7673744,18.380627,33.572795,0.26491602,-0.63446143,1.4284984,4.2199854,1,44.338269,-0.0085031067,94.0795,0.22006227,-0.38784548,0.67548144
1.2,0,-3.5,0,0,761.5991,-5.8517676,18.534797,33.905631,0.26355848,-0.6348968,1.7416142,5.1538247,1,54.312847,0.011491919,100.36644,0.26753997,-0.47589092,0.69932798
1.4,0,-3.5,0,0,784.45223,-5.9526387,18.717836,34.292037,0.26184377,-0.63540447,2.0750767,6.150205,1,64.589979,0.037165574,109.54855,0.31469804,-0.57047816,0.7361266
1.6,0,-3.5,0,0,811.2026,-6.0690655,18.928036,34.718495,0.25966092,-0.63602442,2.4389235,7.2346685,1,74.334136,0.070084127,123.2712,0.3555862,-0.67015474,0.79335501
-1.6,0,-3,0,0,935.3171,-6.7918474,19.877597,37.721173,0.25557352,-0.63148857,-2.1798443,-6.8856861,1,-131.52729,-0.36580637,125.90601,-0.60025812,1.005342,0.83110528
-1.4,0,-3,0,0,891.77668,-6.6121807,19.556634,36.924186,0.25766421,-0.63194797,-1.8534906,-5.8133259,1,-97.717238,-0.27222025,109.46138,-0.44957676,0.75681192,0.76694178
-1.2,0,-3,0,0,858.7528,-6.47496,19.307314,36.308178,0.25933197,-0.63218926,-1.5560759,-4.85398,1,-75.305002,-0.21355025,99.476736,-0.3484823,0.58818845,0.72960061
-1,0,-3,0,0,833.17864,-6.3681484,19.110501,35.823438,0.26067178,-0.63230026,-1.2768353,-3.9660081,1,-58.370985,-0.1723131,92.916377,-0.27130581,0.45875055,0.70625335
-0.8,0,-3,0,0,813.49084,-6.2855961,18.956637,35.445278,0.26173172,-0.63233433,-1.0097285,-3.1260132,1,-44.407488,-0.14133169,88.433417,-0.20710907,0.35049813,0.69106428
-0.6,0,-3,0,0,798.81092,-6.2238547,18.840516,35.160291,0.26253805,-0.63232761,-0.75092967,-2.3190579,1,-32.172235,-0.11658394,85.360333,-0.15042321,0.25464215,0.68109257
-0.4,0,-3,0,0,788.62023,-6.1808974,18.759182,34.960866,0.26310577,-0.63230564,-0.49773477,-1.5344809,1,-20.966576,-0.095884409,83.345224,-0.097916853,0.16605652,0.67512329
-0.2,0,-3,0,0,782.61328,-6.1555378,18.710954,34.842683,0.26344346,-0.63228577,-0.2480273,-0.76387235,1,-10.348778,-0.07897531,82.19772,-0.048498209,0.081891918,0.6715933
0,0,-3,0,0,780.62795,-6.14715,18.694967,34.803518,0.26355556,-0.63227802,3.2051469e-07,7.2731457e-07,1,0.0035239797,-0.061299913,81.827866,0.00082383419,-0.00074686097,0.67106341
0.2,0,-3,0,0,782.61329,-6.1555378,18.710954,34.842683,0.26344346,-0.63228576,0.24802795,0.76387382,1,10.349052,-0.057974251,82.197193,0.048597337,-0.088345077,0.67125501
0.4,0,-3,0,0,788.62024,-6.1808975,18.759182,34.960866,0.26310577,-0.63230563,0.49773545,1.5344824,1,20.96681,-0.039919749,83.344567,0.098293094,-0.17269904,0.67478647
0.6,0,-3,0,0,798.81093,-6.2238549,18.840517,35.160291,0.26253805,-0.63232759,0.75093039,2.3190595,1,32.172455,-0.019819341,85.360223,0.15051204,-0.26113731,0.68112583
0.8,0,-3,0,0,813.49086,-6.2855963,18.956637,35.445278,0.26173172,-0.6323343,1.0097293,3.1260149,1,44.407806,0.0038703216,88.433298,0.20718066,-0.35682771,0.69111615
1,0,-3,0,0,833.17867,-6.3681488,19.110502,35.823439,0.26067177,-0.63230022,1.2768362,3.9660099,1,58.37147,0.033304288,92.916238,0.27135852,-0.46489304,0.70632413
1.2,0,-3,0,0,858.75284,-6.4749604,19.307315,36.308179,0.25933196,-0.6321892,1.5560769,4.8539819,1,75.305708,0.072448846,99.476564,0.3485152,-0.59411827,0.72969069
1.4,0,-3,0,0,891.77673,-6.6121813,19.556634,36.924186,0.2576642,-0.6319479,1.8534917,5.813328,1,97.718206,0.12837792,109.46116,0.44958956,-0.76249805,0.76705175
1.6,0,-3,0,0,935.31716,-6.7918481,19.877597,37.721173,0.25557349,-0.63148848,2.1798456,6.8856885,1,131.52855,0.21836898,125.90574,0.6002515,-1.0107452,0.83123613
-1.6,0,-2.5,0,0,1036.9617,-7.4406123,20.569905,40.170427,0.25226675,-0.62664092,-1.7357325,-5.8026047,1,-150.21734,-0.47398473,85.285707,-0.6384504,1.0835495,0.66641003
-1.4,0,-2.5,0,0,986.57192,-7.2461233,20.222097,39.194353,0.25404143,-0.62819517,-1.5184562,-5.0247824,1,-114.09231,-0.35238069,86.481748,-0.49279883,0.81860062,0.68935601
-1.2,0,-2.5,0,0,947.9154,-7.0951481,19.947811,38.440353,0.25554956,-0.62919639,-1.2960567,-4.2560512,1,-88.226981,-0.27484151,84.923958,-0.38454086,0.63323278,0.69514808
-1,0,-2.5,0,0,917.97377,-6.9774925,19.730502,37.851554,0.2568119,-0.62985543,-1.0741608,-3.5068824,1,-68.24215,-0.22064233,82.668857,-0.29833209,0.49103297,0.69549699
-0.8,0,-2.5,0,0,894.98691,-6.8868384,19.5606,37.395777,0.25783758,-0.63028994,-0.85471758,-2.7781912,1,-51.76891,-0.17389741,80.487768,-0.22828006,0.3760583,0.69302636
-0.6,0,-2.5,0,0,877.89805,-6.8192818,19.432481,37.054409,0.25863154,-0.63057121,-0.63808665,-2.0673482,1,-37.39434,-0.14007833,78.677422,-0.16429644,0.27228612,0.6902274
-0.4,0,-2.5,0,0,866.06331,-6.772417,19.342815,36.816565,0.2591968,-0.63074445,-0.42391189,-1.3703871,1,-24.320304,-0.10965817,77.352377,-0.10664253,0.17759516,0.68854428
-0.2,0,-2.5,0,0,859.09845,-6.7448056,19.289679,36.675999,0.25953524,-0.63083797,-0.21149954,-0.68282733,1,-11.997268,-0.0834319,76.548789,-0.054548581,0.086890992,0.68657679
0,0,-2.5,0,0,856.79831,-6.735682,19.27207,36.629476,0.25964793,-0.6308674,3.2041219e-07,7.2424464e-07,1,-0.0036699472,-0.068444772,76.28436,-0.00078067162,-0.0041793326,0.68575644
0.2,0,-2.5,0,0,859.09846,-6.7448057,19.289679,36.675999,0.25953524,-0.63083796,0.21150019,0.68282879,1,11.990567,-0.061320473,76.554176,0.052896944,-0.095912069,0.68700152
0.4,0,-2.5,0,0,866.06333,-6.7724172,19.342815,36.816565,0.25919679,-0.63074444,0.42391256,1.3703886,1,24.321371,-0.034478901,77.359318,0.10712311,-0.18657244,0.68967685
0.6,0,-2.5,0,0,877.89808,-6.8192821,19.432481,37.054409,0.25863153,-0.63057119,0.63808736,2.0673498,1,37.394587,-0.0050121452,78.678034,0.16442908,-0.28195088,0.69102588
0.8,0,-2.5,0,0,894.98695,-6.8868388,19.560601,37.395777,0.25783756,-0.63028991,0.85471835,2.7781928,1,51.758725,0.02911996,80.494433,0.22718733,-0.38572934,0.69472432
1,0,-2.5,0,0,917.97382,-6.977493,19.730502,37.851555,0.25681188,-0.6298554,1.0741616,3.5068841,1,68.230563,0.097932152,82.683026,0.29772449,-0.49798789,0.69827224
1.2,0,-2.5,0,0,947.91546,-7.0951487,19.947812,38.440354,0.25554953,-0.62919635,1.2960577,4.2560531,1,88.242504,0.12536881,84.953887,0.3866572,-0.64597344,0.70034497
1.4,0,-2.5,0,0,986.572,-7.2461242,20.222098,39.194354,0.25404139,-0.62819512,1.5184573,5.0247845,1,114.09223,0.20229769,86.503208,0.49283886,-0.83099161,0.69386432
1.6,0,-2.5,0,0,1036.9618,-7.4406135,20.569907,40.170428,0.25226671,-0.62664086,1.7357337,5.802607,1,150.21588,0.32311294,85.272174,0.63833326,-1.0964543,0.66745025
-1.6,0,-2,0,0,1106.4755,-7.9796377,21.00226,41.801985,0.24856245,-0.62320187,-1.3475707,-4.7099929,1,-135.3751,-0.51816885,63.786757,-0.51428419,1.0070068,0.59742776
-1.4,0,-2,0,0,1059.6031,-7.8168872,20.690931,40.891163,0.25035972,-0.62518324,-1.1928096,-4.1386096,1,-109.52751,-0.39711161,67.796014,-0.42833805,0.7810854,0.63817183
-1.2,0,-2,0,0,1021.5863,-7.6818763,20.432275,40.144993,0.25187892,-0.62658911,-1.0278819,-3.5442548,1,-88.756933,-0.31585676,69.438448,-0.35290849,0.61957211,0.66259538
-1,0,-2,0,0,990.96353,-7.5716424,20.219447,39.537916,0.25315594,-0.62759673,-0.85783396,-2.9428543,1,-70.862665,-0.25880722,69.632113,-0.28491296,0.48862464,0.67720464
-0.8,0,-2,0,0,966.83518,-7.4840053,20.048721,39.055066,0.25419941,-0.62831369,-0.6858493,-2.3433256,1,-54.880595,-0.20832725,69.098369,-0.22344124,0.37866811,0.68334732
-0.6,0,-2,0,0,948.59533,-7.4173357,19.917789,38.687043,0.2550109,-0.62881084,-0.51363234,-1.7495145,1,-40.160455,-0.16062675,68.358699,-0.16320836,0.27730744,0.68957328
-0.4,0,-2,0,0,935.83142,-7.3704718,19.825171,38.427816,0.25559048,-0.6291357,-0.34190021,-1.1620473,1,-26.329534,-0.13215243,67.668414,-0.10764568,0.1801057,0.69099422
-0.2,0,-2,0,0,928.27431,-7.3426436,19.76994,38.273639,0.25593817,-0.629319,-0.17076393,-0.57964501,1,-13.034881,-0.097695447,67.204745,-0.053284303,0.087851252,0.69180217
0,0,-2,0,0,925.7717,-7.3334147,19.751583,38.222463,0.25605404,-0.6293782,2.9019045e-07,6.7177422e-07,1,-0.019266587,-0.065018654,67.039507,-0.0023544916,-0.0024675755,0.69103326
0.2,0,-2,0,0,928.27432,-7.3426438,19.76994,38.273639,0.25593816,-0.62931899,0.17076451,0.57964636,1,13.035641,-0.023502749,67.20453,0.053643697,-0.092902434,0.69192195
0.4,0,-2,0,0,935.83144,-7.370472,19.825171,38.427816,0.25559047,-0.62913569,0.34190081,1.1620487,1,26.330312,0.009906569,67.665271,0.10776812,-0.18534542,0.69083201
0.6,0,-2,0,0,948.59537,-7.4173361,19.917789,38.687044,0.25501089,-0.62881082,0.51363298,1.749516,1,40.164034,0.044433789,68.35886,0.16403736,-0.28147564,0.68941277
0.8,0,-2,0,0,966.83523,-7.4840058,20.048721,39.055067,0.25419939,-0.62831367,0.68584999,2.3433271,1,54.864899,0.085985473,69.109368,0.22210611,-0.38389793,0.6852639
1,0,-2,0,0,990.96359,-7.5716431,20.219448,39.537917,0.2531559,-0.6275967,0.85783471,2.9428559,1,70.863202,0.12772938,69.628988,0.28483874,-0.49725937,0.67702622
1.2,0,-2,0,0,1021.5864,-7.6818772,20.432276,40.144995,0.25187888,-0.62658908,1.0278827,3.5442565,1,88.736668,0.19450215,69.416766,0.35048212,-0.62737638,0.65983853
1.4,0,-2,0,0,1059.6032,-7.8168884,20.690932,40.891165,0.25035967,-0.6251832,1.1928105,4.1386115,1,109.5273,0.26710204,67.766908,0.42833779,-0.78888337,0.63475907
1.6,0,-2,0,0,1106.4756,-7.9796392,21.002262,41.801987,0.24856239,-0.62320182,1.3475718,4.7099948,1,135.37455,0.38505019,63.766476,0.51409235,-1.0151087,0.59736495
-1.6,0,-1.5,0,0,1164.6357,-8.4976648,21.344282,43.097557,0.2444396,-0.62078134,-1.0494549,-3.8401869,1,-127.59025,-0.56610703,59.361509,-0.41137877,0.96700131,0.60695072
-1.4,0,-1.5,0,0,1119.9921,-8.3653376,21.053305,42.240322,0.24652608,-0.62294712,-0.91672767,-3.3479064,1,-105.66422,-0.43870706,59.524514,-0.35538076,0.74911196,0.63806342
-1.2,0,-1.5,0,0,1082.809,-8.2509139,20.806075,41.515316,0.24824644,-0.62454594,-0.78310218,-2.8528631,1,-88.009927,-0.3521788,59.061132,-0.30674175,0.60189088,0.65886834
-1,0,-1.5,0,0,1052.079,-8.1535416,20.597985,40.907571,0.24966358,-0.62573983,-0.64982247,-2.3612564,1,-71.914908,-0.28529748,58.190838,-0.25635986,0.48085111,0.67090795
-0.8,0,-1.5,0,0,1027.3717,-8.0734414,20.428006,40.412817,0.25080345,-0.62662159,-0.51762046,-1.8763808,1,-56.659903,-0.23498735,57.201667,-0.20521133,0.37643922,0.67709832
-0.6,0,-1.5,0,0,1008.4226,-8.0109255,20.295937,40.029443,0.25167956,-0.62725267,-0.38673599,-1.3990836,1,-41.958243,-0.18921557,56.288068,-0.15559666,0.27715695,0.68181522
-0.4,0,-1.5,0,0,995.03441,-7.9661926,20.201697,39.756437,0.25230018,-0.62767549,-0.25706491,-0.92855389,1,-27.713355,-0.14262152,55.566062,-0.10328729,0.18023802,0.68432477
-0.2,0,-1.5,0,0,987.06186,-7.9393337,20.145204,39.592999,0.25267056,-0.62791832,-0.12829477,-0.46297874,1,-13.777723,-0.093816841,55.111879,-0.051610083,0.086632234,0.68620546
0,0,-1.5,0,0,984.41448,-7.9303786,20.126381,39.538582,0.25279368,-0.6279974,2.3408531e-07,5.7151335e-07,1,-0.014779466,-0.065012437,54.94201,-0.0010956322,-0.0044596912,0.68524538
0.2,0,-1.5,0,0,987.06188,-7.9393338,20.145204,39.592999,0.25267055,-0.62791832,0.12829524,0.46297989,1,13.777582,-0.025682103,55.11196,0.051871154,-0.09489736,0.68615883
0.4,0,-1.5,0,0,995.03444,-7.9661929,20.201698,39.756438,0.25230017,-0.62767548,0.25706539,0.92855507,1,27.713701,0.013681726,55.567649,0.10354851,-0.18784786,0.68508262
0.6,0,-1.5,0,0,1008.4226,-8.0109259,20.295937,40.029444,0.25167954,-0.62725266,0.3867365,1.3990849,1,41.957876,0.05562259,56.289792,0.15506985,-0.28313152,0.68278286
0.8,0,-1.5,0,0,1027.3718,-8.0734419,20.428007,40.412817,0.25080342,-0.62662157,0.517621,1.8763821,1,56.646683,0.10189311,57.209462,0.20619066,-0.38256065,0.67841817
1,0,-1.5,0,0,1052.0791,-8.1535423,20.597986,40.907572,0.24966354,-0.62573981,0.64982305,2.3612578,1,71.916771,0.15097439,58.200031,0.25644903,-0.49050174,0.67068089
1.2,0,-1.5,0,0,1082.8091,-8.2509149,20.806076,41.515317,0.2482464,-0.62454592,0.78310282,2.8528645,1,88.01251,0.21451715,59.062768,0.30587727,-0.61067581,0.65779051
1.4,0,-1.5,0,0,1119.9922,-8.3653389,21.053307,42.240324,0.24652603,-0.6229471,0.91672838,3.347908,1,105.6653,0.29700718,59.522908,0.3553736,-0.7590188,0.63768388
1.6,0,-1.5,0,0,1164.6358,-8.4976665,21.344284,43.097559,0.24443954,-0.62078132,1.0494557,3.8401886,1,127.59102,0.42029244,59.359138,0.4112725,-0.97632295,0.60890711
-1.6,0,-1,0,0,1222.9815,-9.048353,21.673993,44.336607,0.24023239,-0.61888526,-0.78296707,-3.0679974,1,-135.54834,-0.62832254,63.616512,-0.3525362,0.98425054,0.67328642
-1.4,0,-1,0,0,1175.3838,-8.9326162,21.367208,43.435406,0.24281141,-0.62124202,-0.6551431,-2.588695,1,-112.99193,-0.48151695,56.513861,-0.31759629,0.76191868,0.67904304
-1.2,0,-1,0,0,1135.5406,-8.8283173,21.106021,42.664279,0.24486198,-0.62298841,-0.54210138,-2.1528,1,-94.389805,-0.38364921,50.985473,-0.28400744,0.61311655,0.6791586
-1,0,-1,0,0,1102.5758,-8.7366279,20.886539,42.014191,0.24649256,-0.6243034,-0.43991903,-1.7515291,1,-77.100525,-0.30809273,46.991562,-0.24476515,0.49165931,0.6776702
-0.8,0,-1,0,0,1076.1013,-8.6594935,20.707838,41.484016,0.2477667,-0.62528475,-0.34520519,-1.3758284,1,-60.638697,-0.24451183,44.229849,-0.19724912,0.38408097,0.67607272
-0.6,0,-1,0,0,1055.8308,-8.5983909,20.56944,41.073157,0.24872519,-0.62599454,-0.25542078,-1.0181503,1,-44.837665,-0.18918602,42.376047,-0.15220886,0.28249777,0.67404581
-0.4,0,-1,0,0,1041.5303,-8.554249,20.470937,40.780705,0.24939421,-0.62647455,-0.16876824,-0.67260237,1,-29.578817,-0.13906304,41.195747,-0.10231606,0.18485127,0.6725669
-0.2,0,-1,0,0,1033.0232,-8.5275935,20.411986,40.605703,0.24978987,-0.62675221,-0.083958147,-0.33452236,1,-14.69398,-0.092105574,40.540015,-0.051361396,0.089452281,0.67167243
0,0,-1,0,0,1030.1998,-8.5186825,20.392361,40.547453,0.24992084,-0.62684304,1.5949324e-07,4.2600688e-07,1,-0.0081415457,-0.068355808,40.327119,0.00026315933,-0.0030470586,0.67165674
0.2,0,-1,0,0,1033.0232,-8.5275937,20.411986,40.605703,0.24978986,-0.6267522,0.083958468,0.33452322,1,14.693817,-0.018048755,40.539631,0.051523249,-0.097094157,0.67186538
0.4,0,-1,0,0,1041.5304,-8.5542493,20.470937,40.780705,0.24939419,-0.62647454,0.16876857,0.67260325,1,29.576679,0.012530526,41.200261,0.10321022,-0.19324933,0.67264325
0.6,0,-1,0,0,1055.8309,-8.5983913,20.569441,41.073158,0.24872516,-0.62599453,0.25542113,1.0181512,1,44.837908,0.048151208,42.371205,0.15236935,-0.29035521,0.67433095
0.8,0,-1,0,0,1076.1014,-8.6594941,20.707838,41.484017,0.24776667,-0.62528473,0.34520555,1.3758294,1,60.644177,0.11841765,44.219139,0.20020549,-0.39137453,0.67617387
1,0,-1,0,0,1102.5759,-8.7366286,20.88654,42.014193,0.24649252,-0.62430338,0.43991942,1.7515302,1,77.102435,0.17789206,46.989392,0.24463973,-0.50130344,0.67897712
1.2,0,-1,0,0,1135.5407,-8.8283183,21.106022,42.66428,0.24486192,-0.62298839,0.5421018,2.1528011,1,94.393819,0.24547955,50.98445,0.28342721,-0.62289325,0.68091719
1.4,0,-1,0,0,1175.3839,-8.9326175,21.36721,43.435408,0.24281135,-0.62124199,0.65514356,2.5886963,1,112.99415,0.33969444,56.514502,0.31766984,-0.7730836,0.68036573
1.6,0,-1,0,0,1222.9817,-9.0483547,21.673996,44.33661,0.24023231,-0.61888524,0.78296758,3.0679988,1,135.55104,0.48133409,63.623157,0.35260981,-0.992845,0.67347198
-1.6,0,-0.5,0,0,1287.9495,-9.6874699,22.023449,45.670208,0.2366047,-0.6173538,-0.45106685,-2.1114272,1,-177.50781,-0.75174261,70.766028,-0.4039266,1.1144231,0.82001024
-1.4,0,-0.5,0,0,1226.9939,-9.5520684,21.637933,44.525343,0.23981735,-0.61998151,-0.33700878,-1.6510845,1,-140.79717,-0.552872,48.691111,-0.37444592,0.85151449,0.75217484
-1.2,0,-0.5,0,0,1178.5972,-9.4301479,21.326825,43.590476,0.24216972,-0.62187362,-0.25975243,-1.3109359,1,-111.74145,-0.42567078,36.941699,-0.3280333,0.67209858,0.70641717
-1,0,-0.5,0,0,1140.336,-9.3256267,21.077025,42.83534,0.24394312,-0.6232771,-0.20179264,-1.037279,1,-87.80684,-0.33280868,30.592475,-0.27506238,0.53011624,0.67810446
-0.8,0,-0.5,0,0,1110.5908,-9.2398463,20.88012,42.238449,0.24528509,-0.62431814,-0.15416958,-0.8011737,1,-67.253309,-0.2590861,27.032478,-0.22016348,0.4081436,0.66086899
-0.6,0,-0.5,0,0,1088.3031,-9.1731554,20.730866,41.785512,0.24627574,-0.62507032,-0.11223097,-0.5868883,1,-48.890692,-0.19683894,24.982679,-0.16491487,0.29763166,0.65044881
-0.4,0,-0.5,0,0,1072.7927,-9.125582,20.626066,41.46739,0.24695972,-0.62557951,-0.073449686,-0.38539799,1,-31.917523,-0.14162393,23.811318,-0.10978243,0.19382034,0.64432891
-0.2,0,-0.5,0,0,1063.6388,-9.0970728,20.56384,41.278509,0.24736181,-0.62587444,-0.036356282,-0.19108053,1,-15.76729,-0.090515267,23.204543,-0.054842851,0.093761973,0.64110807
0,0,-0.5,0,0,1060.6119,-9.0875764,20.543201,41.215866,0.24749456,-0.62597104,7.4542121e-08,2.3992007e-07,1,-0.0085791744,-0.041308359,23.016389,0.00065604924,-0.0046099011,0.64008514
0.2,0,-0.5,0,0,1063.6388,-9.0970729,20.563841,41.27851,0.24736181,-0.62587443,0.036356432,0.19108101,1,15.766607,-0.014456842,23.203011,0.054964782,-0.10101694,0.6415437
0.4,0,-0.5,0,0,1072.7927,-9.1255823,20.626067,41.467391,0.2469597,-0.6255795,0.073449839,0.38539849,1,31.920233,0.028263166,23.81371,0.11148114,-0.19991451,0.64600087
0.6,0,-0.5,0,0,1088.3032,-9.1731559,20.730867,41.785513,0.24627571,-0.62507031,0.11223113,0.58688883,1,48.890848,0.075126383,24.984118,0.16544103,-0.30538385,0.65105128
0.8,0,-0.5,0,0,1110.5909,-9.2398469,20.880121,42.238451,0.24528506,-0.62431812,0.15416975,0.80117428,1,67.255156,0.13378549,27.033429,0.2213912,-0.41526461,0.65905601
1,0,-0.5,0,0,1140.3361,-9.3256275,21.077026,42.835341,0.24394308,-0.62327709,0.20179281,1.0372797,1,87.808577,0.19017819,30.592375,0.27508711,-0.5397811,0.67801765
1.2,0,-0.5,0,0,1178.5973,-9.4301489,21.326826,43.590478,0.24216967,-0.6218736,0.25975262,1.3109366,1,111.74406,0.27764964,36.941717,0.32800024,-0.68197349,0.70631166
1.4,0,-0.5,0,0,1226.9941,-9.5520696,21.637935,44.525345,0.23981728,-0.61998149,0.33700898,1.6510854,1,140.80066,0.39857689,48.691427,0.37432975,-0.86164676,0.7520454
1.6,0,-0.5,0,0,1287.9497,-9.6874716,22.023451,45.670211,0.23660461,-0.61735378,0.45106708,2.1114282,1,177.51226,0.59008849,70.76684,0.40369813,-1.1248625,0.81984996
-1.6,0,0,0,0,1336.9435,-10.441211,22.232964,46.680021,0.23573314,-0.61639936,0.1343219,-0.32317877,1,-257.05293,-0.84429795,6.4374657,-0.84229301,1.4278152,0.81658222
-1.4,0,0,0,0,1256.4285,-10.200218,21.746038,45.160191,0.23857828,-0.61923531,0.11040371,-0.26721874,1,-172.1596,-0.54679234,5.0989668,-0.58232443,0.98624434,0.6991829
-1.2,0,0,0,0,1199.7266,-10.025657,21.39317,44.060011,0.24065373,-0.62120884,0.090859625,-0.22091266,1,-126.25078,-0.38299664,4.4617112,-0.43773295,0.73992717,0.64435617
-1,0,0,0,0,1157.4295,-9.8925492,21.123979,43.222128,0.24224408,-0.62265214,0.073603816,-0.17959334,1,-95.258948,-0.27682204,4.1006404,-0.33665616,0.56769984,0.61404389
-0.8,0,0,0,0,1125.5425,-9.790429,20.917374,42.580241,0.24346829,-0.62371593,0.05770779,-0.14119689,1,-71.346223,-0.19917059,3.8773011,-0.25582553,0.43024649,0.59591917
-0.6,0,0,0,0,1102.0588,-9.7141826,20.763063,42.101666,0.24438437,-0.62448236,0.042669678,-0.10462021,1,-51.206522,-0.13197733,3.7308049,-0.18603961,0.31125481,0.58409325
-0.4,0,0,0,0,1085.8768,-9.6611063,20.655617,41.768923,0.24502298,-0.62500063,0.028177422,-0.069188151,1,-33.1864,-0.073314756,3.6391561,-0.12160637,0.20225585,0.57690681
-0.2,0,0,0,0,1076.3786,-9.6297416,20.592112,41.572462,0.24540067,-0.62530072,0.014011872,-0.034435217,1,-16.331417,-0.019778864,3.5889493,-0.060181657,0.09854454,0.57306982
0,0,0,0,0,1073.2455,-9.6193607,20.571091,41.507467,0.24552573,-0.625399,-1.3518122e-08,2.6370487e-08,1,0.0086644756,-0.063006606,3.5703521,0.0013433784,-0.0020926528,0.56999994
0.2,0,0,0,0,1076.3787,-9.6297417,20.592112,41.572462,0.24540066,-0.62530071,-0.0140119,0.034435271,1,16.330283,-0.015715978,3.5768784,0.060141302,-0.10303487,0.5713879
0.4,0,0,0,0,1085.8769,-9.6611066,20.655618,41.768923,0.24502296,-0.62500063,-0.028177452,0.069188207,1,33.183189,0.033363555,3.6129591,0.12073024,-0.20607836,0.57627526
0.6,0,0,0,0,1102.0588,-9.7141831,20.763064,42.101667,0.24438435,-0.62448235,-0.042669711,0.10462027,1,51.206273,0.082866672,3.6769983,0.18592687,-0.3160117,0.58171778
0.8,0,0,0,0,1125.5426,-9.7904296,20.917375,42.580243,0.24346826,-0.62371592,-0.057707828,0.14119696,1,71.347935,0.11490183,3.8047883,0.25500321,-0.43819983,0.59329627
1,0,0,0,0,1157.4296,-9.89255,21.12398,43.22213,0.24224404,-0.62265213,-0.073603862,0.17959342,1,95.259384,0.1915278,4.0263911,0.33637433,-0.57547333,0.61329813
1.2,0,0,0,0,1199.7267,-10.025658,21.393172,44.060014,0.24065368,-0.62120882,-0.090859681,0.22091275,1,126.25007,0.29391222,4.3757116,0.43720214,-0.74773243,0.6453069
1.4,0,0,0,0,1256.4287,-10.20022,21.74604,45.160194,0.23857821,-0.61923529,-0.11040378,0.26721884,1,172.16246,0.44959412,4.9937258,0.58186214,-0.99464367,0.70330162
1.6,0,0,0,0,1336.9437,-10.441213,22.232966,46.680025,0.23573305,-0.61639934,-0.13432199,0.3231789,1,257.05713,0.74202963,6.3055013,0.84171543,-1.4364217,0.82544962
-1.6,0,0.5,0,0,1297.6551,-10.933133,21.906433,45.958334,0.23672472,-0.61640386,0.69055164,1.5287312,1,-182.19228,-0.69966268,-62.462124,-0.78888116,1.2444932,0.37842418
-1.4,0,0.5,0,0,1235.3625,-10.695932,21.53879,44.774429,0.23840013,-0.6190903,0.54254703,1.1495723,1,-143.54382,-0.49131891,-40.513301,-0.59433233,0.92574297,0.45216771
-1.2,0,0.5,0,0,1186.1652,-10.5154,21.238669,43.815869,0.23986456,-0.62101292,0.43251465,0.88815898,1,-113.42569,-0.36039,-29.091277,-0.45650953,0.71535265,0.482217
-1,0,0.5,0,0,1147.4023,-10.376261,20.995908,43.045756,0.24111216,-0.62243062,0.34336211,0.68991313,1,-88.881662,-0.26415562,-23.039587,-0.35131044,0.5569735,0.49389835
-0.8,0,0.5,0,0,1117.3322,-10.269608,20.803651,42.439102,0.24213539,-0.62347723,0.26591051,0.52638226,1,-67.954976,-0.19373606,-19.70536,-0.26706411,0.42450272,0.5002543
-0.6,0,0.5,0,0,1094.8323,-10.190272,20.657483,41.979756,0.24293132,-0.62423078,0.19518676,0.38252404,1,-49.344338,-0.12980397,-17.819649,-0.1931558,0.30816726,0.50276512
-0.4,0,0.5,0,0,1079.1879,-10.135245,20.554655,41.657574,0.24349943,-0.62473961,0.12836149,0.24994908,1,-32.190727,-0.073279792,-16.757727,-0.12584683,0.20061261,0.5039211
-0.2,0,0.5,0,0,1069.9598,-10.102814,20.493533,41.466436,0.24384003,-0.62503387,0.0636971,0.12358839,1,-15.896023,-0.021067806,-16.21356,-0.062156818,0.097912005,0.50442741
0,0,0.5,0,0,1066.9091,-10.092095,20.473249,41.403067,0.2439535,-0.62513018,-9.8826132e-08,-1.9089177e-07,1,-0.0026791485,0.0090077298,-16.046206,0.00076070055,-0.0066907427,0.5036235
0.2,0,0.5,0,0,1069.9599,-10.102814,20.493533,41.466437,0.24384002,-0.62503387,-0.0636973,-0.12358878,1,15.894733,0.060937363,-16.218252,0.062097582,-0.10715753,0.50409057
0.4,0,0.5,0,0,1079.188,-10.135246,20.554656,41.657574,0.24349942,-0.62473961,-0.1283617,-0.24994948,1,32.188626,0.11456678,-16.761603,0.12582869,-0.20973485,0.50326328
0.6,0,0.5,0,0,1094.8324,-10.190272,20.657483,41.979757,0.2429313,-0.62423077,-0.19518697,-0.38252446,1,49.343648,0.17100142,-17.823157,0.19313999,-0.31718525,0.50214431
0.8,0,0.5,0,0,1117.3323,-10.269608,20.803652,42.439103,0.24213536,-0.62347722,-0.26591074,-0.52638272,1,67.951604,0.23757,-19.710382,0.26704176,-0.43360361,0.4999738
1,0,0.5,0,0,1147.4024,-10.376262,20.995909,43.045758,0.24111213,-0.6224306,-0.34336236,-0.68991364,1,88.883694,0.29908443,-23.038912,0.35212125,-0.56669171,0.4944336
1.2,0,0.5,0,0,1186.1654,-10.5154,21.23867,43.815871,0.23986451,-0.6210129,-0.43251494,-0.88815956,1,113.43129,0.39879037,-29.087857,0.45688554,-0.72561862,0.48203251
1.4,0,0.5,0,0,1235.3626,-10.695934,21.538791,44.774432,0.23840008,-0.61909029,-0.54254735,-1.149573,1,143.54598,0.53521848,-40.511817,0.59448048,-0.93589834,0.45188166
1.6,0,0.5,0,0,1297.6553,-10.933134,21.906435,45.958338,0.23672465,-0.61640385,-0.69055202,-1.528732,1,182.19823,0.74783389,-62.4621,0.78914973,-1.2551687,0.37792253
-1.6,0,1,0,0,1238.7534,-11.200371,21.486843,44.809223,0.23590616,-0.617254,0.98867857,2.5577037,1,-138.97773,-0.56999366,-57.817925,-0.57397849,1.0371267,0.26658753
-1.4,0,1,0,0,1190.0558,-11.020345,21.194743,43.876903,0.23753601,-0.61960458,0.83658493,2.1381262,1,-115.50449,-0.41787383,-50.30389,-0.47178634,0.80876523,0.31686795
-1.2,0,1,0,0,1149.4071,-10.871899,20.944794,43.082279,0.23889582,-0.62134562,0.69785528,1.7654642,1,-96.221259,-0.31052678,-44.588474,-0.38833425,0.64958699,0.35187815
-1,0,1,0,0,1115.8558,-10.750656,20.733755,42.414758,0.24004492,-0.62265305,0.56946361,1.4288752,1,-78.425655,-0.23235253,-40.534702,-0.31378558,0.51846337,0.37513002
-0.8,0,1,0,0,1088.9586,-10.65413,20.561286,41.871855,0.24099168,-0.62362552,0.44849668,1.1181909,1,-61.575391,-0.17555298,-37.774631,-0.24503995,0.40104027,0.38771763
-0.6,0,1,0,0,1068.3909,-10.580596,20.427354,41.451959,0.24173314,-0.6243267,0.33262062,0.82535788,1,-45.486025,-0.11855649,-35.941879,-0.18063186,0.29408564,0.39826105
-0.4,0,1,0,0,1053.8931,-10.528848,20.331852,41.153471,0.24226537,-0.62479967,0.2200865,0.54432724,1,-29.983215,-0.06711528,-34.792573,-0.11902945,0.1926035,0.40538954
-0.2,0,1,0,0,1045.2732,-10.498095,20.274633,40.975003,0.24258565,-0.62507278,0.10956924,0.27046876,1,-14.889873,-0.019032215,-34.146611,-0.059113012,0.094306479,0.408493
0,0,1,0,0,1042.4131,-10.487892,20.255575,40.915622,0.24269256,-0.62516205,-1.7605596e-07,-3.8689307e-07,1,-0.0042679911,0.0097147792,-33.943536,-0.00035250717,-0.0067900571,0.40894598
0.2,0,1,0,0,1045.2732,-10.498095,20.274633,40.975004,0.24258565,-0.62507278,-0.10956959,-0.27046954,1,14.888642,0.058390265,-34.146884,0.059027622,-0.10363163,0.40797596
0.4,0,1,0,0,1053.8931,-10.528848,20.331853,41.153472,0.24226536,-0.62479967,-0.22008687,-0.54432805,1,29.984675,0.1083088,-34.787041,0.11892683,-0.20163304,0.40471707
0.6,0,1,0,0,1068.3909,-10.580596,20.427354,41.45196,0.24173313,-0.62432669,-0.332621,-0.82535873,1,45.485463,0.16249937,-35.940141,0.18063126,-0.30320316,0.39919782
0.8,0,1,0,0,1088.9587,-10.654131,20.561287,41.871857,0.24099167,-0.62362551,-0.44849709,-1.1181918,1,61.58345,0.19748854,-37.771045,0.24555311,-0.41261367,0.38931284
1,0,1,0,0,1115.8559,-10.750657,20.733756,42.41476,0.24004491,-0.62265304,-0.56946405,-1.4288762,1,78.426195,0.26691494,-40.523009,0.31386203,-0.52847187,0.37458925
1.2,0,1,0,0,1149.4072,-10.8719,20.944795,43.082281,0.2388958,-0.62134561,-0.69785577,-1.7654652,1,96.222962,0.34999061,-44.57763,0.38844916,-0.65959164,0.35145062
1.4,0,1,0,0,1190.0559,-11.020346,21.194745,43.876905,0.23753598,-0.61960457,-0.83658547,-2.1381274,1,115.50729,0.45746623,-50.30118,0.47191238,-0.81954527,0.31645429
1.6,0,1,0,0,1238.7536,-11.200372,21.486845,44.809226,0.23590613,-0.617254,-0.98867918,-2.557705,1,138.9817,0.61904866,-57.807676,0.57418362,-1.0472728,0.26599738
-1.6,0,1.5,0,0,1185.0778,-11.410183,21.10255,43.720721,0.23430294,-0.61853269,1.2336076,3.3730147,1,-129.86167,-0.5151666,-54.448306,-0.47349901,0.93028796,0.2209893
-1.4,0,1.5,0,0,1139.6613,-11.261035,20.821848,42.843398,0.23620065,-0.62062064,1.0795601,2.9342792,1,-107.47812,-0.37616791,-54.309859,-0.39368402,0.73734684,0.24341143
-1.2,0,1.5,0,0,1101.8547,-11.135972,20.583503,42.101106,0.23772943,-0.62216049,0.92346149,2.4958538,1,-89.474613,-0.28529502,-53.660266,-0.33078812,0.59892243,0.2619579
-1,0,1.5,0,0,1070.6239,-11.031608,20.382874,41.47888,0.23897378,-0.62330836,0.76706498,2.0626747,1,-73.079515,-0.21676246,-52.691242,-0.27305594,0.48274257,0.27671511
-0.8,0,1.5,0,0,1045.5233,-10.94684,20.218927,40.972432,0.23996911,-0.62415431,0.61145152,1.637157,1,-57.542755,-0.15343688,-51.64987,-0.21722116,0.37798319,0.28785206
-0.6,0,1.5,0,0,1026.278,-10.881222,20.091487,40.580088,0.24073238,-0.62475844,0.45706849,1.2196063,1,-42.610754,-0.10294718,-50.710304,-0.16228859,0.27889367,0.29593535
-0.4,0,1.5,0,0,1012.6834,-10.83451,20.000515,40.30075,0.24127265,-0.6251624,0.30391309,0.80892379,1,-28.137036,-0.058239737,-49.987201,-0.10796058,0.18355371,0.30241459
-0.2,0,1.5,0,0,1004.589,-10.806546,19.945965,40.133545,0.24159502,-0.62539406,0.1517029,0.40317953,1,-13.988459,-0.016093225,-49.53055,-0.053898258,0.089889566,0.30484141
0,0,1.5,0,0,1001.9014,-10.797234,19.927787,40.077879,0.24170219,-0.62546944,-2.3930186e-07,-5.4563501e-07,1,-0.002691628,0.024615165,-49.376811,0.001202519,-0.0027391151,0.3058125
0.2,0,1.5,0,0,1004.589,-10.806546,19.945965,40.133546,0.24159502,-0.62539406,-0.15170339,-0.40318063,1,13.990282,0.062390582,-49.528069,0.053585443,-0.098424713,0.30418111
0.4,0,1.5,0,0,1012.6834,-10.83451,20.000516,40.30075,0.24127265,-0.6251624,-0.30391358,-0.80892492,1,28.136299,0.1136012,-49.98021,0.10720815,-0.18801133,0.30215521
0.6,0,1.5,0,0,1026.278,-10.881222,20.091488,40.580088,0.24073238,-0.62475843,-0.45706902,-1.2196074,1,42.623755,0.16897089,-50.715319,0.16280968,-0.28278188,0.29565858
0.8,0,1.5,0,0,1045.5233,-10.94684,20.218928,40.972433,0.23996911,-0.6241543,-0.61145208,-1.6371582,1,57.546012,0.20009478,-51.660875,0.21713206,-0.38532412,0.28781815
1,0,1.5,0,0,1070.6239,-11.031609,20.382875,41.478882,0.23897378,-0.62330834,-0.76706559,-2.0626761,1,73.07884,0.26921027,-52.696236,0.27316834,-0.49090794,0.277233
1.2,0,1.5,0,0,1101.8548,-11.135973,20.583504,42.101108,0.23772943,-0.62216048,-0.92346216,-2.4958552,1,89.47595,0.34522625,-53.674121,0.33085274,-0.6093908,0.2624121
1.4,0,1.5,0,0,1139.6614,-11.261035,20.821849,42.8434,0.23620065,-0.62062063,-1.0795609,-2.9342807,1,107.4814,0.44049736,-54.321442,0.3936941,-0.74670938,0.24321916
1.6,0,1.5,0,0,1185.0779,-11.410184,21.102552,43.720724,0.23430294,-0.61853268,-1.2336084,-3.3730164,1,129.86688,0.58527057,-54.447214,0.47344546,-0.94033713,0.2194902
-1.6,0,2,0,0,1131.0632,-11.580488,20.708539,42.57164,0.23275144,-0.62030608,1.5179969,4.2655583,1,-136.98185,-0.49072492,-59.222285,-0.44275547,0.8841358,0.16798025
-1.4,0,2,0,0,1083.5986,-11.441489,20.405038,41.647745,0.23499727,-0.6221411,1.3418736,3.748874,1,-110.93493,-0.35187447,-63.133024,-0.36528762,0.70341164,0.17006604
-1.2,0,2,0,0,1045.0607,-11.325899,20.153956,40.888316,0.23675494,-0.62343644,1.1553912,3.2102126,1,-89.995115,-0.25857538,-64.738777,-0.30459073,0.57051425,0.17447347
-1,0,2,0,0,1013.9874,-11.230045,19.948024,40.268777,0.23813575,-0.6243607,0.96380815,2.6648095,1,-71.922501,-0.18852196,-64.921142,-0.24917135,0.45890881,0.18015862
-0.8,0,2,0,0,989.48447,-11.152445,19.783204,39.775026,0.23920552,-0.62501557,0.77039834,2.1212418,1,-55.721457,-0.13614149,-64.407597,-0.19866522,0.3582017,0.18621966
-0.6,0,2,0,0,970.95052,-11.092444,19.656993,39.398166,0.2400055,-0.62546783,0.57689166,1.5832136,1,-40.809662,-0.093306122,-63.669743,-0.14802371,0.26369887,0.1907495
-0.4,0,2,0,0,957.97551,-11.049731,19.567801,39.132468,0.24056163,-0.62576229,0.3839946,1.051323,1,-26.764524,-0.050217525,-62.992475,-0.09868401,0.17292735,0.19457876
-0.2,0,2,0,0,950.29148,-11.024151,19.514641,38.974353,0.24088968,-0.62592796,0.19178648,0.52432912,1,-13.252879,-0.012820409,-62.538479,-0.049243994,0.084880904,0.19745649
0,0,2,0,0,947.74653,-11.015631,19.496978,38.921857,0.24099814,-0.62598139,-2.8217948e-07,-6.5931241e-07,1,0.0014812734,0.019956188,-62.394073,-0.0018298101,-0.0021522703,0.19753619
0.2,0,2,0,0,950.29149,-11.024151,19.514642,38.974353,0.24088969,-0.62592795,-0.19178705,-0.52433045,1,13.247235,0.059270161,-62.542999,0.048865489,-0.089428493,0.19738552
0.4,0,2,0,0,957.97553,-11.049731,19.567801,39.132468,0.24056164,-0.62576228,-0.38399519,-1.0513244,1,26.763873,0.09865034,-62.986513,0.098665717,-0.17780022,0.1959029
0.6,0,2,0,0,970.95055,-11.092444,19.656994,39.398166,0.24000551,-0.62546781,-0.57689228,-1.5832151,1,40.823168,0.14456642,-63.657392,0.14888568,-0.26883749,0.19115143
0.8,0,2,0,0,989.48452,-11.152445,19.783205,39.775027,0.23920553,-0.62501556,-0.77039902,-2.1212433,1,55.726721,0.20014157,-64.400994,0.1972124,-0.36324167,0.18534115
1,0,2,0,0,1013.9875,-11.230045,19.948025,40.268778,0.23813576,-0.62436068,-0.96380888,-2.6648111,1,71.919175,0.23412945,-64.933831,0.25038542,-0.46815788,0.18292402
1.2,0,2,0,0,1045.0608,-11.3259,20.153957,40.888318,0.23675496,-0.62343641,-1.155392,-3.2102143,1,89.999739,0.30546605,-64.735671,0.30504344,-0.58065198,0.17611561
1.4,0,2,0,0,1083.5987,-11.44149,20.405039,41.647747,0.23499729,-0.62214108,-1.3418745,-3.7488759,1,110.93914,0.40617774,-63.137439,0.3654827,-0.71348722,0.17034751
1.6,0,2,0,0,1131.0633,-11.580489,20.70854,42.571642,0.23275146,-0.62030606,-1.5179979,-4.2655603,1,136.99399,0.54607688,-59.238334,0.44466043,-0.89499726,0.1664242
-1.6,0,2.5,0,0,1065.4902,-11.686412,20.220104,41.100079,0.23210207,-0.62297621,1.8937779,5.374288,1,-151.90722,-0.47422191,-80.911111,-0.45983714,0.87276361,0.060352811
-1.4,0,2.5,0,0,1014.4389,-11.544608,19.881588,40.109037,0.23457847,-0.62433217,1.6537284,4.6567925,1,-115.66781,-0.32954676,-82.370514,-0.36567415,0.68479608,0.058605954
-1.2,0,2.5,0,0,975.18729,-11.43078,19.616298,39.339258,0.2364214,-0.6251913,1.410129,3.9449971,1,-89.620266,-0.22346724,-80.994022,-0.29534091,0.54935527,0.062752988
-1,0,2.5,0,0,944.73285,-11.338885,19.40704,38.735709,0.23781821,-0.62574679,1.1680978,3.2503489,1,-69.428896,-0.17016808,-78.85122,-0.23731451,0.43704767,0.068608815
-0.8,0,2.5,0,0,921.32315,-11.265846,19.243925,38.267179,0.23887425,-0.62610575,0.92922514,2.5745224,1,-52.711865,-0.11964796,-76.74357,-0.18637612,0.33918661,0.07436602
-0.6,0,2.5,0,0,903.90463,-11.210042,19.121171,37.915569,0.23965106,-0.6263331,0.69363006,1.9154254,1,-38.114186,-0.078718921,-74.98042,-0.13740921,0.24905719,0.080751177
-0.4,0,2.5,0,0,891.83443,-11.170608,19.03537,37.670273,0.24018529,-0.62647011,0.46079189,1.2694745,1,-24.801594,-0.043751677,-73.682577,-0.09089184,0.16343317,0.084914071
-0.2,0,2.5,0,0,884.72841,-11.147092,18.984564,37.52519,0.24049836,-0.62654271,0.22989696,0.6324772,1,-12.230558,-0.012295726,-72.89382,-0.045280345,0.080337582,0.086659477
0,0,2.5,0,0,882.38124,-11.139274,18.967733,37.477155,0.24060154,-0.6265653,-2.992959e-07,-7.22829e-07,1,-0.0060292557,0.012743647,-72.622095,-0.00077100191,-0.0016120936,0.08677107
0.2,0,2.5,0,0,884.72842,-11.147092,18.984564,37.52519,0.24049836,-0.62654271,-0.22989757,-0.63247865,1,12.230139,0.046367319,-72.875159,0.045231091,-0.083706373,0.085442211
0.4,0,2.5,0,0,891.83445,-11.170608,19.035371,37.670273,0.2401853,-0.6264701,-0.46079252,-1.269476,1,24.800789,0.080574462,-73.651166,0.0905479,-0.1665535,0.084595933
0.6,0,2.5,0,0,903.90465,-11.210042,19.121171,37.91557,0.23965108,-0.62633309,-0.69363072,-1.915427,1,38.115179,0.12220327,-74.947315,0.13742996,-0.25267313,0.078365918
0.8,0,2.5,0,0,921.32319,-11.265846,19.243926,38.267179,0.23887427,-0.62610573,-0.92922586,-2.574524,1,52.724374,0.16467927,-76.725777,0.18486546,-0.34722907,0.070531254
1,0,2.5,0,0,944.73289,-11.338885,19.40704,38.73571,0.23781824,-0.62574676,-1.1680986,-3.2503506,1,69.42864,0.1948853,-78.815285,0.23743931,-0.44750241,0.067497111
1.2,0,2.5,0,0,975.18735,-11.43078,19.616299,39.339259,0.23642144,-0.62519127,-1.4101299,-3.9449991,1,89.623128,0.26800887,-80.964683,0.2948376,-0.55888981,0.062290737
1.4,0,2.5,0,0,1014.4389,-11.544608,19.881589,40.109038,0.23457851,-0.62433214,-1.6537295,-4.6567946,1,115.67008,0.36536891,-82.353385,0.36560127,-0.69643616,0.058223873
1.6,0,2.5,0,0,1065.4903,-11.686413,20.220105,41.10008,0.23210212,-0.62297617,-1.8937791,-5.3742903,1,151.90937,0.48826167,-80.928916,0.46015704,-0.87847814,0.062229296
-1.6,0,3,0,0,967.34727,-11.652604,19.468127,38.828588,0.23350137,-0.62679482,2.3142157,6.4980254,1,-134.39247,-0.36302263,-122.58404,-0.41848135,0.82561151,-0.15116212
-1.4,0,3,0,0,922.79918,-11.524758,19.163393,37.999579,0.23547573,-0.62708951,1.9675729,5.4840415,1,-99.970204,-0.24678045,-106.47366,-0.32677478,0.64009048,-0.10786362
-1.2,0,3,0,0,888.97726,-11.423258,18.927108,37.357584,0.23696927,-0.62720982,1.6519353,4.577289,1,-77.108971,-0.17502732,-96.668462,-0.26251532,0.50952921,-0.080479146
-1,0,3,0,0,862.76679,-11.341716,18.7408,36.851745,0.23812222,-0.62722976,1.3556398,3.7385876,1,-59.80693,-0.12388084,-90.211718,-0.21029335,0.40498152,-0.06150137
-0.8,0,3,0,0,842.57906,-11.277073,18.595259,36.456776,0.23900697,-0.6271954,1.0721815,2.9458274,1,-45.520614,-0.085264995,-85.791087,-0.16420861,0.31403515,-0.047848764
-0.6,0,3,0,0,827.52105,-11.227759,18.485474,36.158944,0.23966479,-0.62713864,0.79746864,2.1848205,1,-32.989316,-0.054388074,-82.755998,-0.12135789,0.2305475,-0.038064254
-0.4,0,3,0,0,817.06536,-11.192946,18.4086,35.950448,0.2401204,-0.62708246,0.52863084,1.4453823,1,-21.503745,-0.02838925,-80.762939,-0.080215769,0.15136259,-0.031420636
-0.2,0,3,0,0,810.90126,-11.172197,18.363026,35.826859,0.24038855,-0.62704263,0.26343877,0.71943438,1,-10.615259,-0.0052986605,-79.627563,-0.039946387,0.074560872,-0.027549259
0,0,3,0,0,808.86384,-11.165302,18.34792,35.785898,0.2404771,-0.62702832,-2.8856942e-07,-7.3298394e-07,1,0.00016902153,0.016410062,-79.258352,-4.3038875e-05,-0.0011742762,-0.026275535
0.2,0,3,0,0,810.90127,-11.172197,18.363026,35.82686,0.24038856,-0.62704262,-0.26343936,-0.71943586,1,10.615605,0.038085557,-79.627599,0.039865931,-0.076910202,-0.027548367
0.4,0,3,0,0,817.06537,-11.192946,18.4086,35.950448,0.24012042,-0.62708245,-0.52863145,-1.4453838,1,21.501966,0.06107826,-80.766281,0.079696272,-0.15371353,-0.031931073
0.6,0,3,0,0,827.52107,-11.227759,18.485474,36.158944,0.23966482,-0.62713862,-0.79746928,-2.1848221,1,32.989934,0.082407475,-82.757604,0.12136095,-0.23274191,-0.038070679
0.8,0,3,0,0,842.57909,-11.277072,18.595259,36.456776,0.23900701,-0.62719537,-1.0721822,-2.9458291,1,45.520083,0.11654846,-85.792345,0.16400543,-0.31625169,-0.047777722
1,0,3,0,0,862.76681,-11.341716,18.7408,36.851745,0.23812226,-0.62722973,-1.3556406,-3.7385894,1,59.804591,0.15570534,-90.214711,0.2104883,-0.40455441,-0.061472719
1.2,0,3,0,0,888.97729,-11.423258,18.927108,37.357585,0.23696933,-0.62720978,-1.6519362,-4.577291,1,77.11566,0.20751054,-96.662798,0.26250832,-0.50943126,-0.080711967
1.4,0,3,0,0,922.79923,-11.524758,19.163394,37.999579,0.2354758,-0.62708946,-1.9675739,-5.4840437,1,99.971628,0.28103079,-106.46799,0.32732049,-0.6401947,-0.10809553
1.6,0,3,0,0,967.34732,-11.652603,19.468127,38.828589,0.23350145,-0.62679476,-2.3142169,-6.4980279,1,134.39317,0.39202535,-122.58611,0.41880753,-0.82644809,-0.1508029
-1.6,0,3.5,0,0,845.09291,-11.452719,18.476365,35.971515,0.23593532,-0.63014191,2.5361375,6.9264066,1,-77.423906,-0.151276,-122.0617,-0.24929116,0.68043558,-0.28151475
-1.4,0,3.5,0,0,817.2709,-11.370608,18.284945,35.503394,0.23700999,-0.62944467,2.160542,5.8814388,1,-67.001055,-0.11850247,-108.19668,-0.22405993,0.55217394,-0.23416148
-1.2,0,3.5,0,0,793.57389,-11.298175,18.11668,35.084698,0.23795457,-0.62886502,1.8149064,4.9246031,1,-56.220343,-0.088480397,-98.948848,-0.19420617,0.45027877,-0.20091952
-1,0,3.5,0,0,773.95835,-11.236421,17.974185,34.726574,0.2387505,-0.62836737,1.4895174,4.0298799,1,-45.840592,-0.063059211,-92.628255,-0.16266533,0.36276777,-0.17723875
-0.8,0,3.5,0,0,758.2361,-11.185716,17.857997,34.432788,0.23939472,-0.62794558,1.1780417,3.1792762,1,-35.981752,-0.042197467,-88.238671,-0.13048659,0.2833874,-0.16022
-0.6,0,3.5,0,0,746.21541,-11.146202,17.76801,34.204389,0.23988981,-0.62760471,0.87617259,2.3599335,1,-26.581534,-0.024774619,-85.210565,-0.098026095,0.20905245,-0.14816579
-0.4,0,3.5,0,0,737.74032,-11.117944,17.70397,34.041465,0.24023974,-0.62735317,0.58078578,1.5620883,1,-17.529928,-0.0098409966,-83.219958,-0.065432291,0.13772353,-0.14007733
-0.2,0,3.5,0,0,732.69938,-11.100978,17.665647,33.943833,0.24044811,-0.6271987,0.28942611,0.77777147,1,-8.7078971,0.0033277298,-82.08675,-0.032757874,0.068045946,-0.13541024
0,0,3.5,0,0,731.02637,-11.09532,17.65289,33.911312,0.24051729,-0.62714659,-2.5289366e-07,-6.9242829e-07,1,0.00011861059,0.015650147,-81.718404,-4.3970428e-05,-0.0008530705,-0.13388357
0.2,0,3.5,0,0,732.69938,-11.100978,17.665647,33.943833,0.24044812,-0.6271987,-0.28942662,-0.77777286,1,8.7081411,0.027947586,-82.086791,0.032674763,-0.069753495,-0.13541235
0.4,0,3.5,0,0,737.74032,-11.117944,17.70397,34.041465,0.24023977,-0.62735316,-0.58078631,-1.5620897,1,17.528373,0.041377247,-83.218655,0.065282535,-0.13939386,-0.14012312
0.6,0,3.5,0,0,746.21542,-11.146201,17.76801,34.204389,0.23988985,-0.6276047,-0.87617315,-2.359935,1,26.581914,0.053508345,-85.212154,0.097986352,-0.21076407,-0.14821
0.8,0,3.5,0,0,758.23611,-11.185715,17.857997,34.432788,0.23939477,-0.62794556,-1.1780423,-3.1792777,1,35.975627,0.071809786,-88.240318,0.12822215,-0.28505409,-0.16006035
1,0,3.5,0,0,773.95836,-11.236421,17.974185,34.726574,0.23875056,-0.62836734,-1.489518,-4.0298816,1,45.841438,0.08851973,-92.628769,0.16274694,-0.36280708,-0.17731515
1.2,0,3.5,0,0,793.5739,-11.298174,18.11668,35.084698,0.23795464,-0.62886497,-1.8149071,-4.9246049,1,56.226803,0.11467178,-98.949467,0.19407749,-0.45064259,-0.201019
1.4,0,3.5,0,0,817.27091,-11.370607,18.284945,35.503394,0.23701008,-0.62944461,-2.1605428,-5.8814408,1,67.00125,0.14472314,-108.20243,0.2243306,-0.55287103,-0.23441086
1.6,0,3.5,0,0,845.09292,-11.452718,18.476365,35.971515,0.23593543,-0.63014184,-2.5361385,-6.9264088,1,77.425592,0.17814047,-122.06276,0.24963804,-0.68157694,-0.28181612
-1.6,0,4,0,0,738.65609,-11.192787,17.535204,33.397386,0.23729932,-0.63195684,2.5897193,6.876126,1,-53.365846,-0.028143977,-100.02844,-0.16407879,0.56240897,-0.31659925
-1.4,0,4,0,0,719.05748,-11.137895,17.398322,33.086001,0.23805853,-0.63076104,2.2397102,5.9379371,1,-48.285994,-0.022778412,-95.614853,-0.15267454,0.47312345,-0.29886538
-1.2,0,4,0,0,701.63447,-11.08758,17.272712,32.796164,0.23872474,-0.62972321,1.8993923,5.0272004,1,-42.138789,-0.015445543,-91.531841,-0.13755353,0.39444242,-0.28124588
-1,0,4,0,0,686.7083,-11.043144,17.162426,32.538931,0.23929342,-0.6288305,1.5683483,4.1440649,1,-35.381459,-0.0079811825,-88.077006,-0.11888032,0.32209251,-0.26563706
-0.8,0,4,0,0,674.44334,-11.005656,17.070079,32.321865,0.23975997,-0.628084,1.2452484,3.2853483,1,-28.351086,-0.001298013,-85.314384,-0.097575125,0.25385055,-0.25275769
-0.6,0,4,0,0,664.90352,-10.975873,16.997225,32.149686,0.24012235,-0.62749081,0.92848581,2.4465493,1,-21.238637,0.0040847239,-83.223402,-0.07448152,0.18822195,-0.24279532
-0.4,0,4,0,0,658.10088,-10.954297,16.944741,32.025198,0.24038038,-0.62705949,0.61641857,1.622734,1,-14.131125,0.0084246794,-81.765147,-0.050233414,0.12439114,-0.2357441
-0.2,0,4,0,0,654.02692,-10.941238,16.913101,31.949981,0.24053472,-0.62679744,0.30744294,0.80888287,1,-7.0542271,0.011930317,-80.904885,-0.025300285,0.061628533,-0.23154596
0,0,4,0,0,652.67043,-10.936867,16.902532,31.924828,0.24058607,-0.6267095,-1.9930747e-07,-6.1204472e-07,1,7.3230129e-05,0.014991449,-80.620645,-4.6915088e-05,-0.00062595835,-0.23015349
0.2,0,4,0,0,654.02692,-10.941238,16.913101,31.949981,0.24053473,-0.62679744,-0.30744334,-0.8088841,1,7.0543791,0.018030216,-80.904917,0.025210606,-0.062882884,-0.2315483
0.4,0,4,0,0,658.10088,-10.954297,16.944741,32.025198,0.2403804,-0.62705948,-0.61641898,-1.6227352,1,14.132175,0.022241544,-81.765061,0.050439637,-0.12536331,-0.2354943
0.6,0,4,0,0,664.90352,-10.975873,16.997225,32.149686,0.24012239,-0.6274908,-0.92848625,-2.4465506,1,21.23857,0.028152604,-83.220282,0.074384055,-0.18894592,-0.24237935
0.8,0,4,0,0,674.44334,-11.005656,17.070079,32.321865,0.23976003,-0.62808398,-1.2452488,-3.2853497,1,28.354772,0.021518737,-85.309435,0.098210368,-0.25334427,-0.25672788
1,0,4,0,0,686.7083,-11.043143,17.162426,32.538931,0.23929349,-0.62883047,-1.5683488,-4.1440663,1,35.381975,0.028618698,-88.077151,0.11884379,-0.32157049,-0.26510917
1.2,0,4,0,0,701.63446,-11.087579,17.272711,32.796164,0.23872483,-0.62972317,-1.8993929,-5.0272019,1,42.137303,0.035995583,-91.531677,0.13758095,-0.39536217,-0.28101649
1.4,0,4,0,0,719.05747,-11.137895,17.398321,33.086,0.23805864,-0.63076099,-2.2397108,-5.9379387,1,48.28639,0.043620977,-95.607605,0.15280582,-0.47440895,-0.29889084
1.6,0,4,0,0,738.65608,-11.192786,17.535203,33.397385,0.23729945,-0.63195678,-2.58972,-6.8761277,1,53.366003,0.04887322,-100.03539,0.16433053,-0.56216712,-0.3166387
-1.6,0,4.5,0,0,649.52035,-10.900681,16.6693,31.106401,0.23790623,-0.63280137,2.6268335,6.797767,1,-47.852104,0.028606932,-86.918176,-0.14250818,0.48892048,-0.36294841
-1.4,0,4.5,0,0,632.307,-10.85481,16.542366,30.827108,0.23860802,-0.63120246,2.288254,5.9128729,1,-41.653615,0.032113583,-85.599858,-0.12337993,0.41667766,-0.35692653
-1.2,0,4.5,0,0,617.44648,-10.815026,16.430975,30.582674,0.23916967,-0.62976909,1.9513703,5.0353178,1,-35.590724,0.033204003,-83.862001,-0.10681131,0.3504589,-0.34842213
-1,0,4.5,0,0,604.91183,-10.780896,16.335517,30.373013,0.23961884,-0.6285179,1.617896,4.1694794,1,-29.562107,0.032634279,-82.053875,-0.090515169,0.28788746,-0.33923731
-0.8,0,4.5,0,0,594.69179,-10.752496,16.256591,30.199271,0.23997144,-0.62746654,1.2883769,3.3165741,1,-23.56446,0.030723248,-80.400076,-0.073656635,0.22776299,-0.33062766
-0.6,0,4.5,0,0,586.77167,-10.73006,16.194722,30.062738,0.2402374,-0.626631,0.96260506,2.4757102,1,-17.610916,0.027687823,-79.031819,-0.056048204,0.16935142,-0.3233822
-0.4,0,4.5,0,0,581.13304,-10.713836,16.15029,29.964479,0.2404232,-0.62602442,0.63991983,1.6446953,1,-11.706016,0.023760779,-78.020672,-0.037776454,0.11212378,-0.3179649
-0.2,0,4.5,0,0,577.75828,-10.70402,16.123542,29.905238,0.24053308,-0.62565654,0.31940301,0.82057829,1,-5.8416215,0.019203188,-77.403075,-0.019033636,0.055644292,-0.31463144
0,0,4.5,0,0,576.63492,-10.700734,16.114613,29.885447,0.24056946,-0.62553332,-1.3628422e-07,-5.0785852e-07,1,3.9490765e-05,0.014313562,-77.195647,-4.8589236e-05,-0.00047229508,-0.31350763
0.2,0,4.5,0,0,577.75828,-10.70402,16.123542,29.905238,0.2405331,-0.62565654,-0.31940328,-0.82057931,1,5.8417042,0.0094012077,-77.403098,0.018939983,-0.056592497,-0.3146316
0.4,0,4.5,0,0,581.13304,-10.713835,16.15029,29.964479,0.24042323,-0.62602441,-0.63992012,-1.6446963,1,11.701053,-0.00056111967,-78.015318,0.036761576,-0.11397214,-0.31651298
0.6,0,4.5,0,0,586.77167,-10.73006,16.194722,30.062737,0.24023744,-0.62663099,-0.96260535,-2.4757113,1,17.611562,0.0011910409,-79.030792,0.056119506,-0.1700424,-0.32339575
0.8,0,4.5,0,0,594.69178,-10.752495,16.256591,30.19927,0.2399715,-0.62746652,-1.2883772,-3.3165752,1,23.568002,-0.0081565225,-80.404583,0.074716158,-0.22861744,-0.33179497
1,0,4.5,0,0,604.91182,-10.780896,16.335517,30.373013,0.23961892,-0.62851788,-1.6178963,-4.1694805,1,29.562311,-0.0096836727,-82.054141,0.090486854,-0.28872008,-0.33921604
1.2,0,4.5,0,0,617.44646,-10.815025,16.430974,30.582673,0.23916977,-0.62976906,-1.9513707,-5.0353189,1,35.591064,-0.010065401,-83.862361,0.1068079,-0.35132433,-0.34840335
1.4,0,4.5,0,0,632.30698,-10.854809,16.542366,30.827108,0.23860814,-0.63120242,-2.2882544,-5.912874,1,41.65399,-0.0089720991,-85.600262,0.12342557,-0.4176292,-0.35692721
1.6,0,4.5,0,0,649.52033,-10.900681,16.6693,31.1064,0.23790638,-0.63280132,-2.6268339,-6.7977682,1,47.852411,-0.0056312294,-86.91857,0.14262474,-0.49000883,-0.36298627
-1.6,0,5,0,0,569.11695,-10.557005,15.81145,28.890778,0.23840452,-0.63303454,2.6854264,6.7739074,1,-45.575515,0.065433905,-81.30168,-0.12981909,0.43611364,-0.43444236
-1.4,0,5,0,0,553.06653,-10.516738,15.686107,28.626549,0.23900741,-0.63091367,2.3385659,5.8886106,1,-38.047415,0.05084155,-79.821016,-0.10468513,0.37013422,-0.42830483
-1.2,0,5,0,0,539.70413,-10.48406,15.581338,28.40854,0.23944837,-0.62901021,1.9946434,5.0153197,1,-31.52362,0.067500081,-78.172293,-0.08532206,0.31335817,-0.41862229
-1,0,5,0,0,528.72208,-10.457357,15.49468,28.229536,0.23977317,-0.62735397,1.6544645,4.1549976,1,-25.629335,0.06243357,-76.567661,-0.069476852,0.25761302,-0.40955901
-0.8,0,5,0,0,519.92528,-10.435852,15.424763,28.085643,0.24001101,-0.62596866,1.3181265,3.307112,1,-20.132746,0.043250137,-75.142474,-0.053756274,0.20203451,-0.40134563
-0.6,0,5,0,0,513.18726,-10.419212,15.370841,27.974836,0.24018076,-0.62487276,0.98526132,2.470107,1,-14.912316,0.035844614,-73.978596,-0.041217398,0.14987043,-0.39442295
-0.4,0,5,0,0,508.42561,-10.40733,15.332518,27.896116,0.24029462,-0.62408036,0.65520245,1.6417438,1,-9.8563881,0.027312955,-73.12372,-0.027503575,0.098694425,-0.38909861
-0.2,0,5,0,0,505.58786,-10.40019,15.309586,27.84901,0.24036016,-0.62360099,0.32710014,0.81935002,1,-4.9058829,0.018069313,-72.603934,-0.013627327,0.048145691,-0.3855629
0,0,5,0,0,504.64509,-10.397807,15.301951,27.833326,0.24038158,-0.6234406,-7.1502073e-08,-3.9562767e-07,1,3.0850472e-05,0.013564309,-72.432188,-4.2096991e-05,-0.00037614043,-0.38398887
0.2,0,5,0,0,505.58786,-10.40019,15.309586,27.849009,0.24036018,-0.62360099,-0.32710029,-0.81935081,1,4.9035848,0.0022578592,-72.609125,0.013734493,-0.05068119,-0.38472587
0.4,0,5,0,0,508.42561,-10.40733,15.332517,27.896116,0.24029465,-0.62408036,-0.65520259,-1.6417446,1,9.8537101,-0.0080162518,-73.126178,0.027100783,-0.10114483,-0.38663543
0.6,0,5,0,0,513.18726,-10.419212,15.370841,27.974836,0.2401808,-0.62487275,-0.98526147,-2.4701078,1,14.912407,-0.022467863,-73.991027,0.041233059,-0.15293073,-0.39347658
0.8,0,5,0,0,519.92527,-10.435852,15.424763,28.085643,0.24001107,-0.62596865,-1.3181266,-3.3071128,1,20.138744,-0.031131474,-75.157954,0.054924852,-0.20511567,-0.39875033
1,0,5,0,0,528.72207,-10.457357,15.49468,28.229536,0.23977325,-0.62735395,-1.6544647,-4.1549985,1,25.629303,-0.037973073,-76.580764,0.069470172,-0.25962102,-0.40734514
1.2,0,5,0,0,539.70412,-10.484059,15.581338,28.408539,0.23944847,-0.62901019,-1.9946436,-5.0153205,1,31.523785,-0.042900567,-78.181161,0.085298321,-0.3153903,-0.41661896
1.4,0,5,0,0,553.06651,-10.516738,15.686107,28.626548,0.23900754,-0.63091364,-2.3385661,-5.8886114,1,38.047519,-0.044559273,-79.823921,0.10435539,-0.37432598,-0.42625623
1.6,0,5,0,0,569.11693,-10.557005,15.811449,28.890777,0.23840468,-0.63303451,-2.6854266,-6.7739082,1,45.576107,-0.050643604,-81.29206,0.12975453,-0.4376265,-0.43583157
-1.6,0,5.5,0,0,492.37733,-10.144076,14.912795,26.628346,0.23910992,-0.63257706,2.7431753,6.7314201,1,-39.974885,0.087077634,-78.507209,-0.09088595,0.38592056,-0.51779105
-1.4,0,5.5,0,0,478.43854,-10.11629,14.801587,26.413868,0.23943286,-0.6297562,2.3793794,5.8294348,1,-32.713015,0.086833266,-75.514164,-0.070901486,0.32864808,-0.49819933
-1.2,0,5.5,0,0,467.03005,-10.094351,14.710532,26.240665,0.23963821,-0.62727772,2.0244359,4.9536447,1,-26.720233,0.082748622,-73.065686,-0.056622275,0.27602745,-0.48219542
-1,0,5.5,0,0,457.76654,-10.076784,14.636374,26.100799,0.23976725,-0.62515499,1.6766491,4.0985906,1,-21.506272,0.074460552,-71.074741,-0.045336615,0.22656471,-0.4699323
-0.8,0,5.5,0,0,450.40942,-10.062835,14.577226,25.989779,0.23984661,-0.62340036,1.3346136,3.259962,1,-16.780169,0.063755552,-69.49038,-0.035531661,0.1791061,-0.46028657
-0.6,0,5.5,0,0,444.80719,-10.052142,14.531982,25.905068,0.23989382,-0.62202422,0.9970797,2.434071,1,-12.366235,0.05116838,-68.281782,-0.026414642,0.13285502,-0.45299
-0.4,0,5.5,0,0,440.86342,-10.044548,14.500004,25.845262,0.2399204,-0.62103496,0.66288094,1.617561,1,-8.1485843,0.037460434,-67.429086,-0.017554976,0.087503607,-0.44784961
-0.2,0,5.5,0,0,438.51872,-10.04,14.480937,25.809616,0.23993367,-0.62043894,0.33089024,0.80724074,1,-4.0443251,0.022949512,-66.92159,-0.0092053774,0.042652859,-0.44479194
0,0,5.5,0,0,437.74058,-10.038484,14.474599,25.797769,0.23993767,-0.62023985,-1.0956898e-08,-2.8738861e-07,1,-0.00044524844,0.0078446582,-66.75412,1.3303248e-05,-0.0017705555,-0.44375502
0.2,0,5.5,0,0,438.51871,-10.039999,14.480937,25.809616,0.23993369,-0.62043894,-0.33089026,-0.80724132,1,4.0430955,-0.0075644563,-66.922768,0.0086412979,-0.046279458,-0.44474716
0.4,0,5.5,0,0,440.86342,-10.044548,14.500004,25.845262,0.23992043,-0.62103495,-0.66288096,-1.6175616,1,8.1484302,-0.025021938,-67.429428,0.017540083,-0.091060828,-0.44766606
0.6,0,5.5,0,0,444.80718,-10.052142,14.531982,25.905068,0.23989386,-0.62202421,-0.99707973,-2.4340715,1,12.365981,-0.03871661,-68.281976,0.026373421,-0.13627429,-0.45273751
0.8,0,5.5,0,0,450.40941,-10.062835,14.577225,25.989779,0.23984668,-0.62340035,-1.3346136,-3.2599626,1,16.780857,-0.054743366,-69.490024,0.035513745,-0.18102396,-0.46005624
1,0,5.5,0,0,457.76653,-10.076783,14.636374,26.100799,0.23976734,-0.62515499,-1.6766491,-4.0985911,1,21.506366,-0.065562716,-71.074871,0.045295843,-0.22842196,-0.46995602
1.2,0,5.5,0,0,467.03003,-10.094351,14.710531,26.240665,0.23963832,-0.6272777,-2.0244359,-4.9536453,1,26.720703,-0.073943244,-73.066279,0.05658476,-0.27785659,-0.48226922
1.4,0,5.5,0,0,478.43852,-10.116289,14.801587,26.413867,0.239433,-0.62975619,-2.3793794,-5.8294353,1,32.712679,-0.078516224,-75.517277,0.070868709,-0.33023255,-0.49792423
1.6,0,5.5,0,0,492.3773,-10.144075,14.912795,26.628346,0.23911009,-0.63257705,-2.7431753,-6.7314205,1,39.976737,-0.077489348,-78.50694,0.090924919,-0.3874689,-0.51813486
-1.6,0,6,0,0,419.23303,-9.6689672,13.971658,24.336171,0.23984526,-0.63084918,2.7530296,6.5555274,1,-30.03949,0.13059343,-73.083996,-0.022279142,0.3340928,-0.57235702
-1.4,0,6,0,0,408.62894,-9.6615141,13.891441,24.207675,0.2397343,-0.62728729,2.3828166,5.6696961,1,-25.135743,0.11990025,-69.447967,-0.020707354,0.28532201,-0.54807027
-1.2,0,6,0,0,399.79098,-9.6546926,13.823801,24.098966,0.23960937,-0.62422002,2.0246253,4.8143693,1,-20.83089,0.10616444,-66.720275,-0.018728508,0.24022811,-0.53012723
-1,0,6,0,0,392.53012,-9.6486298,13.767664,24.008449,0.23948366,-0.62162952,1.6754015,3.981869,1,-16.923182,0.090061106,-64.639689,-0.016390058,0.19740604,-0.51660072
-0.8,0,6,0,0,386.71968,-9.6434481,13.722346,23.935145,0.2393677,-0.61950921,1.3329449,3.1666326,1,-13.284728,0.078686445,-63.060588,-0.013285814,0.15749263,-0.5060283
-0.6,0,6,0,0,382.27376,-9.6392671,13.687419,23.878485,0.23926963,-0.61785787,0.99553925,2.3643036,1,-9.8265107,0.061701559,-61.891469,-0.010592968,0.11698304,-0.49878049
-0.4,0,6,0,0,379.13452,-9.6361936,13.662618,23.838157,0.23919548,-0.61667657,0.66174976,1.5712259,1,-6.4914583,0.045625263,-61.083972,-0.0069085461,0.076624164,-0.49391329
-0.2,0,6,0,0,377.26483,-9.6343133,13.647791,23.814006,0.2391494,-0.61596698,0.33029915,0.78413793,1,-3.227704,0.026713391,-60.608774,-0.0036628908,0.037274393,-0.49105184
0,0,6,0,0,376.6438,-9.6336798,13.642856,23.805961,0.23913378,-0.61573027,4.1248823e-08,-1.9053926e-07,1,-0.00019668624,0.0061210902,-60.454319,-1.1545048e-05,-0.0013289248,-0.48964734
0.2,0,6,0,0,377.26483,-9.6343132,13.647791,23.814006,0.23914941,-0.61596698,-0.33029906,-0.78413831,1,3.2273568,-0.01350543,-60.610555,0.0036407461,-0.040321121,-0.49065257
0.4,0,6,0,0,379.13452,-9.6361935,13.662618,23.838157,0.23919551,-0.61667657,-0.66174967,-1.5712263,1,6.4899915,-0.032819268,-61.08401,0.007183986,-0.079496016,-0.49369812
0.6,0,6,0,0,382.27376,-9.6392669,13.687419,23.878485,0.23926967,-0.61785787,-0.99553916,-2.364304,1,9.8264212,-0.051511169,-61.8901,0.010519833,-0.11905991,-0.49888351
0.8,0,6,0,0,386.71967,-9.6434479,13.722346,23.935145,0.23936776,-0.61950921,-1.3329448,-3.166633,1,13.280778,-0.074971277,-63.058328,0.013244248,-0.1593651,-0.50640608
1,0,6,0,0,392.53011,-9.6486295,13.767664,24.008449,0.23948373,-0.62162952,-1.6754014,-3.9818693,1,16.92274,-0.091630885,-64.639727,0.016281831,-0.20010305,-0.51662727
1.2,0,6,0,0,399.79097,-9.6546922,13.823801,24.098966,0.23960947,-0.62422002,-2.0246252,-4.8143696,1,20.830885,-0.1058849,-66.720437,0.018653407,-0.24283648,-0.53016888
1.4,0,6,0,0,408.62892,-9.6615136,13.891441,24.207674,0.23973442,-0.62728729,-2.3828164,-5.6696964,1,25.136281,-0.11777004,-69.448215,0.020643449,-0.28785168,-0.54811893
1.6,0,6,0,0,419.23301,-9.6689667,13.971657,24.336171,0.23984542,-0.63084918,-2.7530294,-6.5555276,1,30.040677,-0.12663044,-73.084309,0.022206864,-0.33655575,-0.57240382
-1.6,0,6.5,0,0,353.45204,-9.1667693,13.037094,22.146426,0.24005412,-0.6271574,2.6961273,6.225273,1,-20.816732,0.18005713,-63.639066,0.036270628,0.2856603,-0.58312687
-1.4,0,6.5,0,0,345.93599,-9.1770589,12.988088,22.093394,0.23954006,-0.62302382,2.3379843,5.399241,1,-18.146891,0.16030602,-60.998576,0.024156628,0.24552051,-0.56737429
-1.2,0,6.5,0,0,339.4587,-9.183916,12.944123,22.042438,0.23909741,-0.61947604,1.9889957,4.5935793,1,-15.450125,0.14006335,-58.901643,0.016006304,0.20749718,-0.5543993
-1,0,6.5,0,0,334.01796,-9.1884511,12.906123,21.996438,0.23872149,-0.61648998,1.6473104,3.804464,1,-12.779737,0.11896061,-57.244802,0.010460464,0.17086071,-0.5438476
-0.8,0,6.5,0,0,329.599,-9.1914009,12.874608,21.95716,0.23841145,-0.61405347,1.3113706,3.0285291,1,-10.153261,0.095698616,-55.967947,0.0067384008,0.13557753,-0.53425324
-0.6,0,6.5,0,0,326.18417,-9.193264,12.84988,21.925721,0.23816815,-0.61216069,0.97983155,2.2627777,1,-7.5709984,0.072759526,-55.009288,0.0041568479,0.1006328,-0.52922974
-0.4,0,6.5,0,0,323.75747,-9.1943792,12.832118,21.902833,0.23799302,-0.61080936,0.65148712,1.5044643,1,-5.0256182,0.049235893,-54.342875,0.0023681212,0.066134426,-0.52562078
-0.2,0,6.5,0,0,322.30655,-9.1949657,12.821425,21.888939,0.23788734,-0.60999863,0.325229,0.75102642,1,-2.5060459,0.025328838,-53.948536,0.0010674941,0.031918536,-0.52348924
0,0,6.5,0,0,321.82377,-9.1951478,12.817855,21.884282,0.23785202,-0.6097284,8.2965256e-08,-1.0832706e-07,1,-0.00046593725,-0.0026060938,-53.823436,-3.9507337e-05,-0.0014665483,-0.52204968
0.2,0,6.5,0,0,322.30655,-9.1949657,12.821425,21.888939,0.23788735,-0.60999863,-0.32522883,-0.75102663,1,2.5058507,-0.026645927,-53.955657,-0.0010716174,-0.035387129,-0.52298867
0.4,0,6.5,0,0,323.75747,-9.1943792,12.832118,21.902833,0.23799304,-0.61080936,-0.65148695,-1.5044645,1,5.0255172,-0.050294975,-54.348929,-0.0023618422,-0.069413174,-0.52538052
0.6,0,6.5,0,0,326.18417,-9.1932639,12.84988,21.925721,0.23816818,-0.6121607,-0.97983137,-2.2627779,1,7.571147,-0.073330612,-55.01295,-0.0041682209,-0.10368526,-0.52950361
0.8,0,6.5,0,0,329.599,-9.1914007,12.874608,21.95716,0.2384115,-0.61405348,-1.3113704,-3.0285293,1,10.150111,-0.095542155,-55.966407,-0.0068801292,-0.13837109,-0.53569665
1,0,6.5,0,0,334.01796,-9.1884509,12.906123,21.996438,0.23872155,-0.61648998,-1.6473102,-3.8044642,1,12.779757,-0.10752727,-57.251596,-0.010577519,-0.17130191,-0.54415056
1.2,0,6.5,0,0,339.45869,-9.1839157,12.944123,22.042438,0.23909749,-0.61947604,-1.9889955,-4.5935794,1,15.450271,-0.12724848,-58.905854,-0.016095507,-0.20778109,-0.55453461
1.4,0,6.5,0,0,345.93598,-9.1770586,12.988087,22.093393,0.23954016,-0.62302383,-2.3379841,-5.3992411,1,18.150373,-0.14204539,-60.998697,-0.024389689,-0.24583292,-0.567895
1.6,0,6.5,0,0,353.45202,-9.1667689,13.037094,22.146425,0.24005425,-0.62715741,-2.696127,-6.2252731,1,20.817141,-0.16154662,-63.648319,-0.036214504,-0.28599978,-0.58327652
-1.6,0,7,0,0,297.25561,-8.664754,12.149925,20.143395,0.23938795,-0.62130303,2.5988817,5.8255168,1,-15.22687,0.20565892,-53.796306,0.064264045,0.24514252,-0.57691512
-1.4,0,7,0,0,291.7107,-8.6844145,12.120376,20.131288,0.23858599,-0.61677068,2.2602526,5.0698172,1,-13.468721,0.18127961,-52.246921,0.050096623,0.21172164,-0.56997228
-1.2,0,7,0,0,286.86841,-8.6996963,12.092927,20.115999,0.23789452,-0.61286226,1.9269181,4.3242708,1,-11.604918,0.15698201,-50.896313,0.038689235,0.17949251,-0.5630043
-1,0,7,0,0,282.75778,-8.7114401,12.068555,20.099949,0.23731044,-0.60956523,1.5983288,3.5881797,1,-9.6888045,0.13237594,-49.760363,0.029430441,0.14810485,-0.55663798
-0.8,0,7,0,0,279.39206,-8.7202911,12.047934,20.084896,0.23683242,-0.60687257,1.2737747,2.8603296,1,-7.751584,0.10706498,-48.839027,0.021884808,0.11790516,-0.5511757
-0.6,0,7,0,0,276.7756,-8.7267288,12.031516,20.072085,0.23646016,-0.60478041,0.95247586,2.1392372,1,-5.8093065,0.081428959,-48.130249,0.015463112,0.087673467,-0.54683169
-0.4,0,7,0,0,274.90848,-8.7310982,12.019603,20.062382,0.23619386,-0.60328683,0.63362404,1.4232813,1,-3.8693033,0.055435775,-47.628447,0.009869516,0.057750067,-0.54368663
-0.2,0,7,0,0,273.78919,-8.7336309,12.012386,20.056347,0.23603389,-0.60239093,0.31640431,0.7107753,1,-1.9338118,0.029189841,-47.328778,0.0047931144,0.028049427,-0.54178137
0,0,7,0,0,273.41627,-8.7344604,12.009968,20.054301,0.23598054,-0.60209234,1.1383313e-07,-4.1026474e-08,1,-0.0001048678,0.0033045264,-47.230583,-3.0575088e-05,-0.00072021622,-0.54113893
0.2,0,7,0,0,273.78919,-8.7336308,12.012385,20.056347,0.2360339,-0.60239093,-0.31640408,-0.71077538,1,1.9336125,-0.022784654,-47.328509,-0.0048181697,-0.030255468,-0.54176187
0.4,0,7,0,0,274.90848,-8.7310981,12.019603,20.062382,0.23619388,-0.60328684,-0.63362381,-1.4232814,1,3.8714208,-0.046610584,-47.626454,-0.010134036,-0.060017505,-0.54383077
0.6,0,7,0,0,276.7756,-8.7267287,12.031516,20.072085,0.23646018,-0.60478042,-0.95247562,-2.1392373,1,5.8091766,-0.073078571,-48.130789,-0.015524825,-0.089608328,-0.54671531
0.8,0,7,0,0,279.39205,-8.7202909,12.047934,20.084896,0.23683245,-0.60687257,-1.2737745,-2.8603297,1,7.7497959,-0.096551104,-48.84229,-0.022127216,-0.11976467,-0.55073038
1,0,7,0,0,282.75778,-8.7114399,12.068555,20.099949,0.23731048,-0.60956524,-1.5983285,-3.5881798,1,9.6888391,-0.12188552,-49.759589,-0.029527927,-0.14891988,-0.55645083
1.2,0,7,0,0,286.8684,-8.699696,12.092926,20.115999,0.23789458,-0.61286227,-1.9269179,-4.3242708,1,11.605228,-0.14739446,-50.894444,-0.038729287,-0.18027764,-0.56273385
1.4,0,7,0,0,291.71069,-8.6844142,12.120376,20.131288,0.23858606,-0.61677069,-2.2602523,-5.0698172,1,13.464479,-0.17399221,-52.237131,-0.049881092,-0.21233224,-0.56981653
1.6,0,7,0,0,297.2556,-8.6647537,12.149925,20.143395,0.23938803,-0.62130305,-2.5988813,-5.8255167,1,15.224438,-0.19738704,-53.794931,-0.063973366,-0.24571224,-0.57621139
-1.6,0,7.5,0,0,249.78671,-8.1680819,11.314449,18.316942,0.23783594,-0.61340815,2.4885835,5.4240581,1,-11.98256,0.21794925,-45.600894,0.075495157,0.21149943,-0.57008477
-1.4,0,7.5,0,0,245.43949,-8.191977,11.295877,18.324588,0.23680849,-0.60854705,2.1679768,4.729176,1,-10.506103,0.19213524,-44.569077,0.063083385,0.18309894,-0.56711775
-1.2,0,7.5,0,0,241.66652,-8.2117715,11.278851,18.328983,0.23591474,-0.60434247,1.8508284,4.0401113,1,-9.0152925,0.16610092,-43.637533,0.051644179,0.15546686,-0.5633145
-1,0,7.5,0,0,238.4722,-8.2278128,11.263767,18.331002,0.23515653,-0.60078961,1.5369348,3.356772,1,-7.5150977,0.1397276,-42.832253,0.04123666,0.12840712,-0.55916847
-0.8,0,7.5,0,0,235.85885,-8.2404392,11.250969,18.331473,0.23453497,-0.5978854,1.2259173,2.6786445,1,-6.0109945,0.11370664,-42.164666,0.031860147,0.10251887,-0.55579097
-0.6,0,7.5,0,0,233.82717,-8.249946,11.240738,18.331105,0.23405082,-0.59562798,0.91728751,2.0049339,1,-4.506143,0.086526193,-41.643846,0.02320186,0.076334708,-0.55298791
-0.4,0,7.5,0,0,232.37683,-8.2565681,11.233286,18.330451,0.23370463,-0.59401622,0.61049054,1.3346618,1,-3.0026112,0.059087187,-41.272659,0.015132295,0.050380617,-0.5508946
-0.2,0,7.5,0,0,231.50703,-8.2604735,11.228757,18.329902,0.23349676,-0.59304937,0.30493338,0.66673711,1,-1.5004731,0.031474413,-41.052299,0.0074626275,0.024576815,-0.54959222
0,0,7.5,0,0,231.21717,-8.2617639,11.227238,18.329693,0.23342743,-0.59272707,1.3479021e-07,1.2628271e-08,1,0.00020044969,-0.0099003617,-40.982331,-2.9854449e-05,-0.0018011024,-0.5494412
0.2,0,7.5,0,0,231.50703,-8.2604735,11.228757,18.329902,0.23349676,-0.59304937,-0.30493311,-0.66673708,1,1.4994088,-0.038883591,-41.065053,-0.0074886152,-0.026672342,-0.5501411
0.4,0,7.5,0,0,232.37683,-8.256568,11.233286,18.330451,0.23370464,-0.59401623,-0.61049027,-1.3346618,1,2.9991254,-0.066739712,-41.288167,-0.015281699,-0.0523744,-0.55224146
0.6,0,7.5,0,0,233.82717,-8.2499459,11.240738,18.331105,0.23405083,-0.59562799,-0.91728723,-2.0049338,1,4.5049801,-0.092696838,-41.672603,-0.023171906,-0.077715915,-0.55347062
0.8,0,7.5,0,0,235.85885,-8.2404391,11.250969,18.331473,0.23453498,-0.59788542,-1.225917,-2.6786444,1,5.9943927,-0.10245903,-42.207217,-0.030254436,-0.10439979,-0.55438795
1,0,7.5,0,0,238.4722,-8.2278127,11.263767,18.331002,0.23515655,-0.60078963,-1.5369345,-3.3567719,1,7.5159391,-0.12894777,-42.871687,-0.041259329,-0.12955955,-0.56003502
1.2,0,7.5,0,0,241.66651,-8.2117714,11.278851,18.328982,0.23591476,-0.60434249,-1.8508281,-4.0401113,1,9.0159409,-0.15568831,-43.678088,-0.051641794,-0.15655666,-0.56489683
1.4,0,7.5,0,0,245.43949,-8.1919768,11.295877,18.324587,0.23680852,-0.60854707,-2.1679764,-4.7291759,1,10.494574,-0.20047335,-44.604454,-0.065156129,-0.18412541,-0.5703858
1.6,0,7.5,0,0,249.7867,-8.1680817,11.314449,18.316942,0.23783598,-0.61340817,-2.4885832,-5.424058,1,11.98314,-0.20845842,-45.631039,-0.075451468,-0.21249729,-0.57474775
-1.6,0,8,0,0,209.42734,-7.6754501,10.522322,16.634591,0.23544109,-0.60353347,2.373689,5.0370353,1,-9.5845917,0.21308974,-38.93247,0.083559026,0.18127033,-0.56665803
-1.4,0,8,0,0,205.9631,-7.7022847,10.512064,16.655871,0.23420025,-0.59836955,2.0689984,4.394428,1,-8.3229637,0.18667685,-38.092914,0.071730978,0.15724634,-0.56330597
-1.2,0,8,0,0,202.97981,-7.7250793,10.502854,16.673525,0.23312115,-0.59390383,1.7673596,3.7566743,1,-7.0976302,0.15974106,-37.355559,0.060186907,0.13373075,-0.56017
-1,0,8,0,0,200.46663,-7.7439671,10.494762,16.68771,0.23220607,-0.59013129,1.4684385,3.1233145,1,-5.8934409,0.13236359,-36.725521,0.049115085,0.11062666,-0.55731713
-0.8,0,8,0,0,198.41689,-7.7591176,10.487905,16.698718,0.23145631,-0.58704838,1.171853,2.4937918,1,-4.7025828,0.10459531,-36.206834,0.038553493,0.087837883,-0.55484069
-0.6,0,8,0,0,196.82637,-7.7707014,10.482416,16.706877,0.23087268,-0.58465288,0.87718018,1.8674556,1,-3.5204652,0.076496343,-35.801917,0.028460927,0.065286583,-0.55282465
-0.4,0,8,0,0,195.69215,-7.7788636,10.478407,16.712476,0.23045558,-0.58294296,0.58396611,1.2435762,1,-2.3441729,0.048137323,-35.512082,0.018747888,0.042907345,-0.55133616
-0.2,0,8,0,0,195.01233,-7.7837148,10.475966,16.71574,0.23020523,-0.58191741,0.29173564,0.6213661,1,-1.1714918,0.019594988,-35.337981,0.0092993005,0.020642648,-0.55042322
0,0,8,0,0,194.78584,-7.7853241,10.475146,16.716812,0.23012177,-0.58157563,1.4742439e-07,5.4237241e-08,1,0.0014070363,-0.0090503598,-35.279892,-1.1533168e-05,-0.0015606948,-0.55011431
0.2,0,8,0,0,195.01233,-7.7837148,10.475966,16.71574,0.23020523,-0.58191741,-0.29173534,-0.62136599,1,1.1715003,-0.036072347,-35.33912,-0.0093472336,-0.022607239,-0.5503937
0.4,0,8,0,0,195.69215,-7.7788636,10.478407,16.712476,0.23045558,-0.58294297,-0.58396581,-1.2435761,1,2.3384423,-0.066875023,-35.513348,-0.01834949,-0.045418832,-0.55131273
0.6,0,8,0,0,196.82637,-7.7707013,10.482416,16.706877,0.23087268,-0.58465289,-0.87717988,-1.8674555,1,3.5202177,-0.093942467,-35.801781,-0.028535096,-0.067870486,-0.55303554
0.8,0,8,0,0,198.41688,-7.7591176,10.487905,16.698718,0.23145631,-0.5870484,-1.1718527,-2.4937917,1,4.6971821,-0.1221033,-36.204223,-0.038677709,-0.090417935,-0.55449205
1,0,8,0,0,200.46662,-7.743967,10.494762,16.687709,0.23220607,-0.59013131,-1.4684382,-3.1233144,1,5.8936799,-0.14972535,-36.725105,-0.049150241,-0.11286576,-0.55729107
1.2,0,8,0,0,202.9798,-7.7250791,10.502854,16.673525,0.23312115,-0.59390386,-1.7673592,-3.7566741,1,7.0983806,-0.17734636,-37.35521,-0.060261264,-0.13598119,-0.56013519
1.4,0,8,0,0,205.96309,-7.7022845,10.512064,16.655871,0.23420025,-0.59836958,-2.0689981,-4.3944278,1,8.3262277,-0.20466277,-38.083559,-0.071811536,-0.1595817,-0.56296071
1.6,0,8,0,0,209.42733,-7.6754499,10.522322,16.634591,0.23544109,-0.60353351,-2.3736887,-5.0370351,1,9.5862336,-0.23152385,-38.922991,-0.083756273,-0.18368345,-0.5663349
-1.6,0,8.5,0,0,175.01933,-7.1890106,9.7698426,15.079762,0.23216466,-0.59162067,2.2529956,4.6593678,1,-7.4945452,0.21219298,-33.171165,0.092375379,0.15556715,-0.55661986
-1.4,0,8.5,0,0,172.30664,-7.2187026,9.7675145,15.11352,0.23071895,-0.58619751,1.9642955,4.0663415,1,-6.5029961,0.18593265,-32.448697,0.079468988,0.13518816,-0.55350128
-1.2,0,8.5,0,0,169.97263,-7.2440157,9.7652386,15.142119,0.2294674,-0.58151389,1.6784508,3.477584,1,-5.5405295,0.15914974,-31.833093,0.067008177,0.1151455,-0.55086476
-1,0,8.5,0,0,168.00802,-7.2651027,9.7630868,15.165755,0.22840945,-0.57756138,1.3950244,2.8924377,1,-4.5970583,0.13191658,-31.31784,0.055002621,0.095363819,-0.54863226
-0.8,0,8.5,0,0,166.40677,-7.2821167,9.7611545,15.184669,0.22754463,-0.57433418,1.1136053,2.3102997,1,-3.6676578,0.10477646,-30.902154,0.043444116,0.075564898,-0.54683991
-0.6,0,8.5,0,0,165.16475,-7.2951934,9.7595355,15.199092,0.22687247,-0.57182796,0.8337927,1.7305819,1,-2.743441,0.073852329,-30.575408,0.032218457,0.056064578,-0.5454426
-0.4,0,8.5,0,0,164.27934,-7.3044487,9.7583148,15.209235,0.22639266,-0.57003991,0.55518904,1.1526966,1,-1.826441,0.045623407,-30.345095,0.021312658,0.03684314,-0.54438193
-0.2,0,8.5,0,0,163.74873,-7.3099668,9.7575555,15.215254,0.22610488,-0.56896782,0.27739242,0.57603973,1,-0.9127623,0.017337196,-30.206961,0.010599607,0.017692785,-0.54372651
0,0,8.5,0,0,163.57197,-7.3118002,9.7572978,15.217249,0.22600897,-0.56861058,1.5343541e-07,8.5090445e-08,1,0.00039181444,-0.010945307,-30.160934,-1.3901999e-05,-0.0014235672,-0.54349344
0.2,0,8.5,0,0,163.74873,-7.3099668,9.7575555,15.215254,0.22610488,-0.56896782,-0.27739212,-0.57603956,1,0.91184703,-0.036995505,-30.206414,-0.010606467,-0.019827402,-0.54360412
0.4,0,8.5,0,0,164.27934,-7.3044487,9.7583147,15.209235,0.22639265,-0.57003992,-0.55518873,-1.1526964,1,1.8258287,-0.065409492,-30.34446,-0.021331715,-0.039039215,-0.54424238
0.6,0,8.5,0,0,165.16475,-7.2951934,9.7595354,15.199092,0.22687246,-0.57182798,-0.83379239,-1.7305818,1,2.7431919,-0.093723817,-30.575047,-0.032257501,-0.058328052,-0.54529909
0.8,0,8.5,0,0,166.40677,-7.2821166,9.7611545,15.184669,0.22754461,-0.57433421,-1.113605,-2.3102995,1,3.6648724,-0.1205999,-30.899915,-0.043533475,-0.077784493,-0.54677809
1,0,8.5,0,0,168.00802,-7.2651027,9.7630867,15.165755,0.22840943,-0.57756141,-1.395024,-2.8924375,1,4.5971793,-0.14925986,-31.317493,-0.055022153,-0.097629418,-0.54860448
1.2,0,8.5,0,0,169.97263,-7.2440156,9.7652385,15.142119,0.22946738,-0.58151393,-1.6784505,-3.4775838,1,5.5410466,-0.17657371,-31.832814,-0.067066139,-0.11744449,-0.55083273
1.4,0,8.5,0,0,172.30663,-7.2187025,9.7675145,15.11352,0.23071892,-0.58619756,-1.9642951,-4.0663413,1,6.5039632,-0.20346476,-32.44853,-0.079569022,-0.13752038,-0.55346494
1.6,0,8.5,0,0,175.01932,-7.1890105,9.7698425,15.079762,0.23216462,-0.59162072,-2.2529953,-4.6593676,1,7.4960098,-0.22985512,-33.171152,-0.092521893,-0.15793426,-0.55657886
-1.6,0,9,0,0,145.84313,-6.7143125,9.0591137,13.649959,0.2279208,-0.57759937,2.1258165,4.2886658,1,-5.7270216,0.20522375,-28.041165,0.099490399,0.13395893,-0.53950505
-1.4,0,9,0,0,143.75946,-6.7462786,9.0638778,13.693915,0.22629869,-0.5719908,1.8543006,3.7449847,1,-4.9949652,0.17932113,-27.45744,0.085456456,0.11681113,-0.53789788
-1.2,0,9,0,0,141.95925,-6.7735062,9.0676178,13.731128,0.22489897,-0.56715038,1.5851373,3.2043765,1,-4.2681749,0.15303462,-26.963225,0.071622146,0.099824059,-0.53630992
-1,0,9,0,0,140.43988,-6.7962044,9.0705026,13.761981,0.22371866,-0.5630683,1.3179577,2.6663653,1,-3.5507976,0.12646693,-26.552022,0.059260835,0.083003603,-0.53479088
-0.8,0,9,0,0,139.19928,-6.8145446,9.0726719,13.786792,0.22275556,-0.55973711,1.0524148,2.1305062,1,-2.8359565,0.099638942,-26.219529,0.046879429,0.066278797,-0.5334085
-0.6,0,9,0,0,138.23587,-6.8286659,9.0742401,13.805818,0.22200805,-0.55715143,0.78817448,1.5963681,1,-2.124117,0.073153155,-25.962698,0.03481772,0.048865105,-0.5321824
-0.4,0,9,0,0,137.5485,-6.838675,9.0752958,13.819261,0.2214749,-0.55530708,0.52490877,1.0635239,1,-1.4151257,0.045496536,-25.781696,0.023083395,0.033063417,-0.53127844
-0.2,0,9,0,0,137.13635,-6.844649,9.0759027,13.827267,0.22115533,-0.55420151,0.26229246,0.53154573,1,-0.70746911,0.01867685,-25.671578,0.011458534,0.016590051,-0.53078378
0,0,9,0,0,136.99903,-6.8466355,9.0761011,13.829926,0.22104886,-0.55383319,1.5431569e-07,1.0606331e-07,1,9.7398771e-05,-0.0065946764,-25.636958,-0.00029416428,-0.00080331279,-0.53070899
0.2,0,9,0,0,137.13635,-6.844649,9.0759027,13.827267,0.22115532,-0.55420151,-0.26229216,-0.53154551,1,0.70684756,-0.035604601,-25.671624,-0.011490867,-0.016663739,-0.53110284
0.4,0,9,0,0,137.5485,-6.838675,9.0752958,13.819261,0.22147489,-0.5553071,-0.52490846,-1.0635237,1,1.4146663,-0.063312509,-25.780476,-0.023077593,-0.033297077,-0.53162226
0.6,0,9,0,0,138.23587,-6.8286658,9.0742401,13.805818,0.22200803,-0.55715145,-0.78817417,-1.5963678,1,2.1240792,-0.09091475,-25.96281,-0.034840633,-0.049975769,-0.53226909
0.8,0,9,0,0,139.19928,-6.8145446,9.0726719,13.786792,0.22275554,-0.55973715,-1.0524145,-2.130506,1,2.8358443,-0.11834218,-26.219742,-0.046875378,-0.066720918,-0.53303695
1,0,9,0,0,140.43988,-6.7962044,9.0705026,13.761981,0.22371863,-0.56306834,-1.3179573,-2.6663651,1,3.5509292,-0.14552048,-26.552062,-0.05926949,-0.083554279,-0.53430177
1.2,0,9,0,0,141.95925,-6.7735061,9.0676178,13.731128,0.22489892,-0.56715043,-1.585137,-3.2043762,1,4.270343,-0.17236219,-26.962087,-0.072119509,-0.10048575,-0.53567344
1.4,0,9,0,0,143.75945,-6.7462785,9.0638778,13.693915,0.22629863,-0.57199086,-1.8543002,-3.7449844,1,4.9954983,-0.19890082,-27.452232,-0.085385777,-0.11741856,-0.53711707
1.6,0,9,0,0,145.84312,-6.7143124,9.0591136,13.649959,0.22792073,-0.57759944,-2.1258162,-4.2886655,1,5.727251,-0.22484514,-28.040961,-0.099692252,-0.13473127,-0.53813785
-1.6,0,9.5,0,0,121.30526,-6.2567069,8.393071,12.344198,0.22265139,-0.56147953,1.9948547,3.9298047,1,-4.3539265,0.19753578,-23.540909,0.10296821,0.1144542,-0.51757537
-1.4,0,9.5,0,0,119.71237,-6.2898156,8.4032733,12.394628,0.22089376,-0.55576704,1.7412248,3.4341504,1,-3.8217339,0.18103024,-23.080671,0.088590199,0.10028673,-0.5169531
-1.2,0,9.5,0,0,118.33062,-6.3180669,8.4116887,12.43746,0.21937832,-0.55083658,1.4892927,2.9402021,1,-3.2649986,0.15473429,-22.701442,0.074951798,0.086126415,-0.51624832
-1,0,9.5,0,0,117.16098,-6.3416593,8.4185124,12.473088,0.21810142,-0.54667878,1.2388254,2.4477672,1,-2.7226343,0.11567409,-22.399245,0.061781459,0.071331417,-0.51586075
-0.8,0,9.5,0,0,116.20384,-6.3607525,8.4238975,12.501828,0.21706021,-0.54328621,0.98958272,1.9566214,1,-2.1834963,0.098447423,-22.135844,0.048855201,0.056910605,-0.51510525
-0.6,0,9.5,0,0,115.45939,-6.375474,8.4279655,12.523931,0.21625249,-0.5406531,0.74132333,1.4665279,1,-1.6383486,0.073061933,-21.935087,0.036415149,0.042772626,-0.51469421
-0.4,0,9.5,0,0,114.92767,-6.3859209,8.4308073,12.539585,0.21567667,-0.53877525,0.49380397,0.9772359,1,-1.0920762,0.047454992,-21.793016,0.024108819,0.028678117,-0.5144702
-0.2,0,9.5,0,0,114.60866,-6.392162,8.4324872,12.548925,0.21533161,-0.53764971,0.24677854,0.48848268,1,-0.54555776,0.018097281,-21.707266,0.011990545,0.01403094,-0.51440798
0,0,9.5,0,0,114.50231,-6.3942376,8.4330427,12.552029,0.21521666,-0.53727471,1.5123711e-07,1.1784259e-07,1,-0.0025705564,-0.010044113,-21.683209,-0.0010683325,0.00024625096,-0.51408949
0.2,0,9.5,0,0,114.60866,-6.392162,8.4324872,12.548925,0.2153316,-0.53764972,-0.24677823,-0.48848245,1,0.54569362,-0.035052215,-21.707592,-0.01197829,-0.014587913,-0.51410338
0.4,0,9.5,0,0,114.92767,-6.3859209,8.4308073,12.539585,0.21567665,-0.53877527,-0.49380367,-0.97723565,1,1.0917126,-0.061467894,-21.792681,-0.024068304,-0.028911065,-0.51429994
0.6,0,9.5,0,0,115.45939,-6.375474,8.4279654,12.523931,0.21625246,-0.54065313,-0.74132303,-1.4665276,1,1.6377313,-0.087793064,-21.934855,-0.036317293,-0.043257093,-0.51462431
0.8,0,9.5,0,0,116.20384,-6.3607525,8.4238975,12.501828,0.21706017,-0.54328625,-0.9895824,-1.9566212,1,2.1577567,-0.11396596,-22.134648,-0.049291301,-0.057635125,-0.51506357
1,0,9.5,0,0,117.16098,-6.3416593,8.4185124,12.473088,0.21810137,-0.54667884,-1.2388251,-2.4477669,1,2.7309177,-0.15154965,-22.396694,-0.061596531,-0.072410789,-0.51554883
1.2,0,9.5,0,0,118.33062,-6.3180669,8.4116887,12.43746,0.21937826,-0.55083665,-1.4892924,-2.9402018,1,3.2668529,-0.17605812,-22.703326,-0.07493666,-0.086765426,-0.51595976
1.4,0,9.5,0,0,119.71237,-6.2898156,8.4032733,12.394628,0.22089369,-0.55576712,-1.7412245,-3.4341501,1,3.8126129,-0.19145454,-23.080205,-0.088444204,-0.10130777,-0.51669605
1.6,0,9.5,0,0,121.30526,-6.2567069,8.393071,12.344198,0.2226513,-0.56147962,-1.9948544,-3.9298043,1,4.3556107,-0.21876154,-23.550488,-0.10316551,-0.11547863,-0.51740704
-1.6,0,10,0,0,100.79079,-5.8193427,7.7723207,11.156784,0.21635171,-0.54335365,1.8639743,3.5891977,1,-3.3291073,0.19088282,-19.696092,0.10301933,0.097502702,-0.49320166
-1.4,0,10,0,0,99.566521,-5.8525329,7.7862644,11.210293,0.21449702,-0.5376075,1.6280293,3.1386211,1,-2.924163,0.1657281,-19.374525,0.089003132,0.085250604,-0.49390519
-1.2,0,10,0,0,98.502676,-5.880956,7.7979885,11.255996,0.21289736,-0.53264631,1.3932256,2.6887112,1,-2.5148501,0.14120258,-19.078369,0.07536546,0.07311275,-0.49435867
-1,0,10,0,0,97.600747,-5.90476,7.8076527,11.294185,0.21154937,-0.52846187,1.1594292,2.2394513,1,-2.1006988,0.11389526,-18.816963,0.062300553,0.060805071,-0.49505096
-0.8,0,10,0,0,96.861755,-5.9240688,7.8153877,11.325104,0.21045018,-0.52504723,0.9264907,1.7907839,1,-1.6804399,0.083679166,-18.615173,0.04942963,0.047649227,-0.49552735
-0.6,0,10,0,0,96.286409,-5.9389834,7.8212984,11.34895,0.20959755,-0.52239696,0.69424901,1.3426205,1,-1.2614429,0.059707346,-18.456768,0.036833451,0.03570581,-0.49611367
-0.4,0,10,0,0,95.875151,-5.9495811,7.8254638,11.365875,0.20898976,-0.52050685,0.46253636,0.89485318,1,-0.84195458,0.042430017,-18.342225,0.024480425,0.024132695,-0.49648299
-0.2,0,10,0,0,95.628288,-5.9559176,7.8279407,11.375987,0.20862556,-0.51937394,0.23117905,0.44735762,1,-0.42924521,0.018106874,-18.272114,0.015218031,0.01200084,-0.4966946
0,0,10,0,0,95.545987,-5.9580262,7.8287628,11.37935,0.20850424,-0.51899652,1.4508573e-07,1.2123754e-07,1,0.0017663749,-0.006309938,-18.2467,-6.6049142e-05,-0.00011923591,-0.49685089
0.2,0,10,0,0,95.628288,-5.9559176,7.8279407,11.375987,0.20862555,-0.51937395,-0.23117876,-0.44735737,1,0.42088112,-0.034084425,-18.268522,-0.012156358,-0.012793131,-0.49707858
0.4,0,10,0,0,95.87515,-5.9495811,7.8254638,11.365875,0.20898974,-0.52050687,-0.46253607,-0.89485294,1,0.84174749,-0.058957392,-18.334352,-0.024420366,-0.02512782,-0.49735844
0.6,0,10,0,0,96.286409,-5.9389835,7.8212984,11.34895,0.20959752,-0.52239699,-0.69424872,-1.3426203,1,1.2619739,-0.083753281,-18.447019,-0.036814051,-0.037471318,-0.49753037
0.8,0,10,0,0,96.861754,-5.9240688,7.8153877,11.325103,0.21045014,-0.52504728,-0.9264904,-1.7907837,1,1.6696576,-0.10841945,-18.607015,-0.049395405,-0.049826409,-0.49755555
1,0,10,0,0,97.600746,-5.9047601,7.8076527,11.294185,0.21154931,-0.52846193,-1.1594288,-2.2394511,1,2.0998978,-0.1451964,-18.819168,-0.062236773,-0.061842106,-0.49781518
1.2,0,10,0,0,98.502675,-5.880956,7.7979884,11.255996,0.21289729,-0.53264639,-1.3932253,-2.6887109,1,2.5140251,-0.16650571,-19.082314,-0.075446975,-0.074085887,-0.49740384
1.4,0,10,0,0,99.566519,-5.852533,7.7862644,11.210293,0.21449694,-0.53760759,-1.628029,-3.1386208,1,2.9245126,-0.18748914,-19.383004,-0.089062577,-0.08634405,-0.49632876
1.6,0,10,0,0,100.79078,-5.8193427,7.7723207,11.156784,0.21635161,-0.54335375,-1.863974,-3.5891974,1,3.3300937,-0.20810398,-19.719139,-0.10297305,-0.098619964,-0.49441812
-1.6,0,10.5,0,0,83.692232,-5.4036161,7.1954591,10.078789,0.20905018,-0.52335461,1.7360351,3.2705376,1,-2.564469,0.17103161,-16.40231,0.10088416,0.081828607,-0.46759634
-1.4,0,10.5,0,0,82.745755,-5.436192,7.2118705,10.133119,0.20712928,-0.51763107,1.5170726,2.861466,1,-2.2517014,0.14949778,-16.151853,0.087472568,0.071544571,-0.46858216
-1.2,0,10.5,0,0,81.923056,-5.4641825,7.2258216,10.179745,0.20547201,-0.51268844,1.2988569,2.4524103,1,-1.9355733,0.12769598,-15.934158,0.074368599,0.061271468,-0.46933738
-1,0,10.5,0,0,81.225251,-5.4876885,7.2374283,10.218858,0.20407521,-0.50851913,1.081308,2.0434304,1,-1.6167192,0.10567746,-15.749638,0.061538541,0.051008913,-0.46990658
-0.8,0,10.5,0,0,80.653216,-5.5067971,7.2467887,10.250625,0.20293609,-0.50511647,0.86433329,1.6345574,1,-1.2957802,0.083499577,-15.598447,0.048940149,0.040759977,-0.47032281
-0.6,0,10.5,0,0,80.207653,-5.5215823,7.253985,10.275186,0.20205245,-0.50247539,0.64782917,1.2257971,1,-0.97307478,0.061192469,-15.480921,0.036537887,0.03051406,-0.4706231
-0.4,0,10.5,0,0,79.889047,-5.5321014,7.2590797,10.292649,0.20142251,-0.50059175,0.43168393,0.817136,1,-0.64928347,0.038823994,-15.396898,0.0242771,0.020280619,-0.4708207
-0.2,0,10.5,0,0,79.69775,-5.5383961,7.2621185,10.303096,0.20104505,-0.49946271,0.21578105,0.40854865,1,-0.32475022,0.01643484,-15.346468,0.012113343,0.01005531,-0.47093331
0,0,10.5,0,0,79.633966,-5.5404917,7.2631286,10.306573,0.20091931,-0.49908659,1.3657124e-07,1.1739752e-07,1,0.00013944495,-0.0059289087,-15.329636,-1.5273557e-06,-0.0001630864,-0.47096993
0.2,0,10.5,0,0,79.69775,-5.5383961,7.2621185,10.303096,0.20104504,-0.49946273,-0.21578078,-0.40854841,1,0.32501243,-0.028221686,-15.346401,-0.012116206,-0.010375787,-0.47093362
0.4,0,10.5,0,0,79.889047,-5.5321014,7.2590797,10.292649,0.20142249,-0.50059178,-0.43168365,-0.81713577,1,0.64949515,-0.050398292,-15.396766,-0.024279444,-0.020584063,-0.47082168
0.6,0,10.5,0,0,80.207653,-5.5215824,7.253985,10.275186,0.20205242,-0.50247544,-0.64782889,-1.2257968,1,0.97320077,-0.072413723,-15.480726,-0.036539557,-0.030789289,-0.47062545
0.8,0,10.5,0,0,80.653216,-5.5067971,7.2467887,10.250625,0.20293605,-0.50511652,-0.86433301,-1.6345572,1,1.2957832,-0.09422905,-15.598193,-0.048941274,-0.040996068,-0.47032759
1,0,10.5,0,0,81.225251,-5.4876885,7.2374283,10.218858,0.20407516,-0.5085192,-1.0813077,-2.0434302,1,1.6165591,-0.1157788,-15.749327,-0.06153965,-0.051195301,-0.46991515
1.2,0,10.5,0,0,81.923055,-5.4641825,7.2258216,10.179745,0.20547194,-0.51268853,-1.2988566,-2.45241,1,1.9352067,-0.13703579,-15.933793,-0.074370724,-0.061398043,-0.4693514
1.4,0,10.5,0,0,82.745754,-5.4361921,7.2118705,10.133119,0.2071292,-0.51763117,-1.5170723,-2.8614657,1,2.2510814,-0.15794606,-16.151434,-0.087477353,-0.07160177,-0.46860352
1.6,0,10.5,0,0,83.692231,-5.4036162,7.1954591,10.078789,0.20905009,-0.52335473,-1.7360348,-3.2705373,1,2.5635453,-0.17846213,-16.401834,-0.10089396,-0.081807505,-0.46762716
-1.6,0,11,0,0,69.464548,-5.0101656,6.6603621,9.1009193,0.20078608,-0.50162703,1.6126202,2.9748028,1,-1.9778592,0.16158427,-13.665581,0.097616662,0.070082642,-0.4416888
-1.4,0,11,0,0,68.731,-5.0417275,6.678364,9.15471,0.19882469,-0.4959738,1.4098069,2.6037781,1,-1.7368017,0.14169212,-13.472531,0.084847516,0.061295865,-0.44302558
-1.2,0,11,0,0,68.093278,-5.0689089,6.6937603,9.2010146,0.19713242,-0.49109149,1.207462,2.232367,1,-1.4932663,0.12156334,-13.304862,0.072293096,0.052503954,-0.44411867
-1,0,11,0,0,67.552241,-5.091781,6.7066371,9.239961,0.19570606,-0.4869728,1.0055372,1.8606645,1,-1.2475844,0.10124312,-13.162754,0.059931975,0.043709135,-0.44499496
-0.8,0,11,0,0,67.108599,-5.1104054,6.7170682,9.2716622,0.1945428,-0.48361132,0.80397527,1.4887473,1,-1.0001178,0.080775238,-13.046336,0.047737897,0.034913212,-0.44567804
-0.6,0,11,0,0,66.762944,-5.1248349,6.725116,9.296215,0.1936404,-0.48100206,0.60271235,1.1166773,1,-0.75123747,0.060201982,-12.955706,0.03568103,0.026117719,-0.44618793
-0.4,0,11,0,0,66.515726,-5.1351111,6.7308292,9.3136961,0.19299709,-0.47914111,0.40167864,0.74450396,1,-0.50131824,0.039564822,-12.890924,0.023728388,0.017324154,-0.44654031
-0.2,0,11,0,0,66.367271,-5.1412647,6.734243,9.3241623,0.1926116,-0.47802563,0.20080032,0.3722673,1,-0.25071878,0.018903686,-12.85203,0.011846767,0.0085335393,-0.44674644
0,0,11,0,0,66.317768,-5.143314,6.7353787,9.3276474,0.19248319,-0.47765403,1.2633234e-07,1.0784541e-07,1,0.00021961542,-0.0017421683,-12.839046,7.0425997e-07,-0.00025320238,-0.44681331
0.2,0,11,0,0,66.367271,-5.1412647,6.734243,9.3241623,0.19261159,-0.47802564,-0.20080007,-0.37226709,1,0.25114024,-0.02233374,-12.851976,-0.011845587,-0.0090351869,-0.44674324
0.4,0,11,0,0,66.515726,-5.1351112,6.7308292,9.3136961,0.19299707,-0.47914114,-0.40167839,-0.74450374,1,0.50168615,-0.042832192,-12.890817,-0.023727942,-0.01781156,-0.44653421
0.6,0,11,0,0,66.762944,-5.1248349,6.7251161,9.296215,0.19364036,-0.48100211,-0.60271209,-1.1166771,1,0.75151544,-0.06319876,-12.955545,-0.035681971,-0.026581487,-0.44617954
0.8,0,11,0,0,67.108598,-5.1104054,6.7170683,9.2716622,0.19454276,-0.48361138,-0.80397501,-1.4887471,1,1.0002685,-0.083394317,-13.046123,-0.047741125,-0.035344094,-0.44566826
1,0,11,0,0,67.552241,-5.091781,6.7066371,9.2399611,0.19570601,-0.48697288,-1.0055369,-1.8606643,1,1.2475692,-0.10337848,-13.162488,-0.059938731,-0.04409809,-0.44498496
1.2,0,11,0,0,68.093278,-5.068909,6.6937603,9.2010146,0.19713236,-0.49109159,-1.2074617,-2.2323668,1,1.4930452,-0.12311026,-13.304542,-0.072305058,-0.052842204,-0.44410988
1.4,0,11,0,0,68.730999,-5.0417275,6.6783641,9.1547101,0.19882462,-0.49597391,-1.4098066,-2.6037779,1,1.7376769,-0.142628,-13.471395,-0.084913993,-0.061637352,-0.44311193
1.6,0,11,0,0,69.464547,-5.0101657,6.6603621,9.1009193,0.20078599,-0.50162716,-1.6126199,-2.9748025,1,1.9771059,-0.16213916,-13.666399,-0.097617314,-0.0703947,-0.44181257
-1.6,0,11.5,0,0,57.641936,-4.6393249,6.1648313,8.2146481,0.19160328,-0.47832309,1.4945839,2.7016659,1,-1.5240551,0.15050311,-11.372325,0.093641643,0.060112173,-0.41549454
-1.4,0,11.5,0,0,57.073257,-4.6696282,6.1837829,8.2670302,0.18962476,-0.47278226,1.3070736,2.3655088,1,-1.3389884,0.13226336,-11.222837,0.081521863,0.052589084,-0.41705974
-1.2,0,11.5,0,0,56.578633,-4.6957651,6.2000474,8.3122047,0.18791781,-0.46799679,1.11982,2.0286944,1,-1.1517399,0.11381726,-11.093097,0.069560895,0.045051691,-0.41837152
-1,0,11.5,0,0,56.158823,-4.7177876,6.2136921,8.350263,0.18647905,-0.4639594,0.93279905,1.691342,1,-0.96260508,0.095204089,-10.983172,0.057741402,0.037503715,-0.41944731
-0.8,0,11.5,0,0,55.81447,-4.7357413,6.224775,8.3812858,0.18530571,-0.46066418,0.74598148,1.3535604,1,-0.77189785,0.076461242,-10.893133,0.046043473,0.029948168,-0.42030347
-0.6,0,11.5,0,0,55.546095,-4.7496643,6.2333441,8.4053412,0.18439549,-0.45810627,0.55933283,1.0154482,1,-0.57993933,0.05762491,-10.823042,0.034445049,0.022387727,-0.42095389
-0.4,0,11.5,0,0,55.354109,-4.7595871,6.2394375,8.4224838,0.18374659,-0.45628184,0.37281453,0.67709561,1,-0.38704504,0.038730284,-10.772941,0.022922714,0.014824992,-0.42140965
-0.2,0,11.5,0,0,55.238803,-4.7655319,6.2430825,8.4327534,0.18335777,-0.45518828,0.18638504,0.33858667,1,-0.1935383,0.019811936,-10.742624,0.01145139,0.0072623929,-0.42166775
0,0,11.5,0,0,55.200356,-4.7675124,6.244296,8.4361746,0.18322825,-0.45482399,1.1499072e-07,9.4338347e-08,1,0.00026543595,0.00090335954,-10.732833,5.5384407e-06,-0.00029804253,-0.42176679
0.2,0,11.5,0,0,55.238803,-4.765532,6.2430825,8.4327534,0.18335776,-0.45518829,-0.18638481,-0.33858648,1,0.19405149,-0.017961841,-10.742606,-0.011440885,-0.007854096,-0.42166363
0.4,0,11.5,0,0,55.354109,-4.7595872,6.2394375,8.4224838,0.18374658,-0.45628188,-0.3728143,-0.67709542,1,0.38750515,-0.036750118,-10.772904,-0.022913966,-0.015403564,-0.42140164
0.6,0,11.5,0,0,55.546095,-4.7496643,6.2333441,8.4053412,0.18439546,-0.45810632,-0.5593326,-1.015448,1,0.58031079,-0.055428138,-10.822984,-0.034439375,-0.022944462,-0.42094248
0.8,0,11.5,0,0,55.81447,-4.7357413,6.2247751,8.3812859,0.18530567,-0.46066424,-0.74598125,-1.3535602,1,0.77214489,-0.073961593,-10.893054,-0.046042404,-0.030474437,-0.42028935
1,0,11.5,0,0,56.158823,-4.7177877,6.2136922,8.350263,0.186479,-0.46395948,-0.93279881,-1.6913419,1,0.96269176,-0.092315642,-10.983067,-0.057746771,-0.037990992,-0.4194314
1.2,0,11.5,0,0,56.578633,-4.6957652,6.2000475,8.3122047,0.18791775,-0.46799689,-1.1198197,-2.0286942,1,1.1516302,-0.11045451,-11.092963,-0.069574923,-0.045491588,-0.41835493
1.4,0,11.5,0,0,57.073257,-4.6696283,6.1837829,8.2670303,0.18962469,-0.47278238,-1.3070733,-2.3655086,1,1.3386465,-0.12834128,-11.215422,-0.081547242,-0.052973384,-0.41716166
1.6,0,11.5,0,0,57.641937,-4.639325,6.1648314,8.2146481,0.1916032,-0.47832323,-1.4945837,-2.7016657,1,1.5245032,-0.14631403,-11.372713,-0.093678037,-0.060613564,-0.41540222
-1.6,0,12,0,0,47.830459,-4.2911669,5.7066771,7.4121875,0.18155244,-0.45360544,1.3824567,2.4503728,1,-1.1726544,0.1385945,-9.4545942,0.089187042,0.051631691,-0.38935566
-1.4,0,12,0,0,47.389672,-4.3200488,5.7260785,7.4625575,0.17957837,-0.44821354,1.2093887,2.1461221,1,-1.0310286,0.12198569,-9.3389125,0.077734493,0.045178114,-0.39107311
-1.2,0,12,0,0,47.006047,-4.3449874,5.742767,7.5060516,0.1778752,-0.44355611,1.0364112,1.8410268,1,-0.8873203,0.10519855,-9.2385552,0.066403574,0.038706053,-0.39253111
-1,0,12,0,0,46.680261,-4.3660203,5.756795,7.5427348,0.17643961,-0.43962635,0.86352055,1.5352251,1,-0.74203641,0.088266335,-9.1533712,0.055169678,0.032219533,-0.39373257
-0.8,0,12,0,0,46.412915,-4.3831817,5.7682087,7.5726658,0.17526881,-0.43641872,0.6907099,1.2288489,1,-0.59525922,0.071221116,-9.0836433,0.044028304,0.02572212,-0.3947005
-0.6,0,12,0,0,46.204484,-4.3964996,5.7770461,7.5958932,0.17436053,-0.43392863,0.51796783,0.92202217,1,-0.44735218,0.054093854,-9.0293546,0.032959458,0.019217128,-0.39544173
-0.4,0,12,0,0,46.055342,-4.4059963,5.7833371,7.6124561,0.17371301,-0.43215253,0.34528033,0.61486341,1,-0.29860274,0.036914847,-8.9905497,0.021945856,0.012707715,-0.39596461
-0.2,0,12,0,0,45.965752,-4.4116878,5.7871031,7.6223825,0.173325,-0.4310879,0.17263058,0.30748599,1,-0.14930134,0.019713732,-8.9672578,0.010969113,0.0061969065,-0.39627516
0,0,12,0,0,45.935873,-4.413584,5.7883571,7.6256895,0.17319575,-0.43073321,1.0314671e-07,7.8637275e-08,1,0.00026718164,0.0025196202,-8.9594985,1.0530052e-05,-0.000312436,-0.39637711
0.2,0,12,0,0,45.965752,-4.4116878,5.7871031,7.6223825,0.17332499,-0.43108791,-0.17263038,-0.30748584,1,0.14981904,-0.014638512,-8.9672717,-0.01094888,-0.0068174511,-0.39627152
0.4,0,12,0,0,46.055342,-4.4059963,5.7833371,7.6124561,0.17371299,-0.43215256,-0.34528013,-0.61486326,1,0.2990705,-0.03173168,-8.9905763,-0.021928144,-0.013315281,-0.39595751
0.6,0,12,0,0,46.204484,-4.3964996,5.7770462,7.5958933,0.1743605,-0.43392868,-0.51796762,-0.92202201,1,0.44773687,-0.048730758,-9.0293917,-0.032946076,-0.019803077,-0.39543149
0.8,0,12,0,0,46.412915,-4.3831818,5.7682088,7.5726658,0.17526877,-0.43641879,-0.6907097,-1.2288488,1,0.595528,-0.065606079,-9.0836874,-0.044021255,-0.026277836,-0.39468762
1,0,12,0,0,46.680262,-4.3660204,5.756795,7.5427348,0.17643956,-0.43962643,-0.86352034,-1.5352249,1,0.74215691,-0.082327299,-9.1534172,-0.055171236,-0.032736431,-0.3937177
1.2,0,12,0,0,47.006047,-4.3449874,5.7427671,7.5060517,0.17787515,-0.44355621,-1.036411,-1.8410267,1,0.88726092,-0.098863386,-9.2385963,-0.066416366,-0.039175593,-0.39251504
1.4,0,12,0,0,47.389673,-4.3200489,5.7260786,7.4625576,0.17957831,-0.44821366,-1.2093885,-2.1461219,1,1.0307588,-0.11518216,-9.3389401,-0.077761575,-0.045591815,-0.39105674
1.6,0,12,0,0,47.83046,-4.291167,5.7066772,7.4121875,0.18155237,-0.45360558,-1.3824565,-2.4503726,1,1.1721454,-0.13125024,-9.4545973,-0.089231985,-0.051981147,-0.38934002
-1.6,0,12.5,0,0,39.696668,-3.9654785,5.2836767,6.6862662,0.17069237,-0.42764578,1.2765672,2.2199777,1,-0.90086913,0.12645335,-7.8547943,0.084432249,0.044406956,-0.36360106
-1.4,0,12.5,0,0,39.355044,-3.9928361,5.3031377,6.7342134,0.16874195,-0.42243278,1.1170637,1.944848,1,-0.79274334,0.11142454,-7.7654127,0.07365639,0.038863488,-0.36541134
-1.2,0,12.5,0,0,39.057515,-4.0164788,5.3199044,6.7756549,0.16705899,-0.41792911,0.95752169,1.6687503,1,-0.68274651,0.096242935,-7.6876938,0.062970359,0.033297223,-0.36694932
-1,0,12.5,0,0,38.804712,-4.0364347,5.3340188,6.8106375,0.16564029,-0.41412864,0.79795486,1.3918379,1,-0.57121749,0.080935746,-7.6217916,0.052359303,0.027715282,-0.3682308
-0.8,0,12.5,0,0,38.597158,-4.0527279,5.3455167,6.8392017,0.16448316,-0.41102616,0.63837328,1.1142572,1,-0.45842336,0.065530403,-7.5677762,0.041812042,0.022121305,-0.36926535
-0.6,0,12.5,0,0,38.435289,-4.065379,5.3544285,6.8613822,0.16358543,-0.40861752,0.47878364,0.8361486,1,-0.34463931,0.050053484,-7.5257106,0.031316133,0.016518736,-0.37006126
-0.4,0,12.5,0,0,38.319429,-4.0744038,5.360777,6.8772055,0.16294539,-0.40689937,0.31919015,0.55764813,1,-0.23007728,0.034531133,-7.4956359,0.020860974,0.010910983,-0.37062471
-0.2,0,12.5,0,0,38.24982,-4.079814,5.3645795,6.8866917,0.16256185,-0.40586944,0.15959536,0.27888867,1,-0.11504013,0.018989016,-7.477586,0.010431334,0.0053013231,-0.3709604
0,0,12.5,0,0,38.226602,-4.0816167,5.3658458,6.8898524,0.16243409,-0.40552632,9.1341395e-08,6.2286079e-08,1,0.00023524666,0.0034523654,-7.4715803,1.444468e-05,-0.00030706821,-0.37107122
0.2,0,12.5,0,0,38.24982,-4.079814,5.3645795,6.8866917,0.16256185,-0.40586946,-0.15959518,-0.27888855,1,0.11549559,-0.012053576,-7.4776206,-0.010403444,-0.0059110252,-0.37095788
0.4,0,12.5,0,0,38.319429,-4.0744038,5.3607771,6.8772056,0.16294538,-0.4068994,-0.31918996,-0.557648,1,0.23048773,-0.027503527,-7.4957037,-0.020836114,-0.011507378,-0.37061977
0.6,0,12.5,0,0,38.435289,-4.0653791,5.3544285,6.8613823,0.1635854,-0.40861756,-0.47878345,-0.83614847,1,0.34497512,-0.042872147,-7.5258086,-0.031296441,-0.017092938,-0.37005412
0.8,0,12.5,0,0,38.597158,-4.0527279,5.3455168,6.8392018,0.16448312,-0.41102622,-0.6383731,-1.1142571,1,0.45865547,-0.058133585,-7.5678998,-0.041799832,-0.022664408,-0.36925631
1,0,12.5,0,0,38.804712,-4.0364348,5.3340188,6.8106375,0.16564025,-0.41412872,-0.79795468,-1.3918378,1,0.57131772,-0.073261441,-7.6219346,-0.052357138,-0.028218353,-0.36822025
1.2,0,12.5,0,0,39.057515,-4.0164789,5.3199044,6.7756549,0.16705894,-0.4179292,-0.95752151,-1.6687502,1,0.6826879,-0.088228804,-7.6878482,-0.062981128,-0.033751298,-0.36693774
1.4,0,12.5,0,0,39.355044,-3.9928362,5.3031377,6.7342135,0.16874189,-0.42243289,-1.1170635,-1.9448478,1,0.79250055,-0.10300783,-7.7655683,-0.073683384,-0.039259568,-0.36539928
1.6,0,12.5,0,0,39.696669,-3.9654787,5.2836767,6.6862663,0.1706923,-0.42764592,-1.276567,-2.2199776,1,0.90041895,-0.11757085,-7.8549392,-0.084479241,-0.044736007,-0.36358914
-1.6,0,13,0,0,32.958899,-3.6617927,4.8935898,6.030067,0.15908863,-0.4006201,1.1770635,2.009374,1,-0.6909375,0.11449751,-6.5233581,0.07951673,0.038253254,-0.33851256
-1.4,0,13,0,0,32.694165,-3.6875733,4.912813,6.075337,0.15717825,-0.39560947,1.0302454,1.7607559,1,-0.60841094,0.10097811,-6.4541826,0.069427734,0.033476908,-0.34035296
-1.2,0,13,0,0,32.463462,-3.7098697,4.9293958,6.1144962,0.15552952,-0.39127983,0.88329182,1.5111001,1,-0.52432332,0.08732574,-6.3940298,0.059397323,0.02868191,-0.34192697
-1,0,13,0,0,32.267336,-3.7287013,4.9433708,6.1475754,0.15413945,-0.38762565,0.73622896,1.2605663,1,-0.43890523,0.073564533,-6.3429888,0.049418755,0.023871711,-0.34324339
-0.8,0,13,0,0,32.106247,-3.744085,4.954766,6.1746018,0.15300553,-0.38464223,0.58907979,1.0093091,1,-0.35238713,0.059718033,-6.3011336,0.039484398,0.019049731,-0.34430975
-0.6,0,13,0,0,31.98057,-3.756035,4.9636046,6.1955981,0.15212571,-0.38232575,0.44186474,0.75747867,1,-0.26499582,0.045809249,-6.2685238,0.029585999,0.014219324,-0.34513236
-0.4,0,13,0,0,31.890591,-3.7645624,4.9699045,6.2105819,0.15149838,-0.38067318,0.29460229,0.50522173,1,-0.17695451,0.031860789,-6.2452036,0.019714835,0.0093837927,-0.34571608
-0.2,0,13,0,0,31.836521,-3.7696756,4.9736793,6.2195669,0.15112243,-0.37968251,0.14730873,0.25268138,1,-0.08848848,0.017894941,-6.2312078,0.0098615222,0.0045464087,-0.34606464
0,0,13,0,0,31.818485,-3.7713795,4.9749367,6.2225611,0.15099719,-0.37935242,8.001543e-08,4.6472104e-08,1,0.00018508395,0.0039337305,-6.2265549,1.6799738e-05,-0.00028963081,-0.34618014
0.2,0,13,0,0,31.836521,-3.7696756,4.9736793,6.2195669,0.15112243,-0.37968252,-0.14730857,-0.25268129,1,0.088845574,-0.010000754,-6.231251,-0.0098290175,-0.0051210708,-0.34606342
0.4,0,13,0,0,31.890591,-3.7645624,4.9699046,6.2105819,0.15149836,-0.38067321,-0.29460213,-0.50522164,1,0.17727253,-0.023886373,-6.2452884,-0.019685647,-0.0099446447,-0.34571369
0.6,0,13,0,0,31.98057,-3.7560351,4.9636046,6.1955981,0.15212569,-0.38232579,-0.44186458,-0.75747858,1,0.26524918,-0.037700942,-6.2686468,-0.029562445,-0.014757121,-0.3451289
0.8,0,13,0,0,32.106247,-3.744085,4.954766,6.1746018,0.1530055,-0.38464229,-0.58907964,-1.009309,1,0.35255098,-0.05142191,-6.3012898,-0.03946896,-0.019555169,-0.34430536
1,0,13,0,0,32.267336,-3.7287013,4.9433708,6.1475755,0.15413941,-0.38762572,-0.7362288,-1.2605662,1,0.43895582,-0.065026301,-6.3431715,-0.049414146,-0.02433541,-0.34323824
1.2,0,13,0,0,32.463462,-3.7098698,4.9293958,6.1144962,0.15552947,-0.39127992,-0.88329166,-1.5111,1,0.52423832,-0.078490634,-6.3942305,-0.059406558,-0.029094387,-0.34192129
1.4,0,13,0,0,32.694166,-3.6875734,4.9128131,6.0753371,0.1571782,-0.39560958,-1.0302452,-1.7607558,1,0.60816991,-0.091790787,-6.4543908,-0.069454209,-0.033828563,-0.34034696
1.6,0,13,0,0,32.958899,-3.6617928,4.8935898,6.0300671,0.15908857,-0.40062023,-1.1770633,-2.0093739,1,0.69052238,-0.10490195,-6.5235615,-0.079564304,-0.038534345,-0.33850651
-1.6,0,13.5,0,0,27.380362,-3.3794482,4.5342042,5.4372422,0.14681112,-0.37270414,1.0839436,1.8173381,1,-0.52855458,0.10301582,-5.4169756,0.074579652,0.032994957,-0.31427189
-1.4,0,13.5,0,0,27.175308,-3.4036404,4.5529698,5.4797058,0.1449542,-0.36791324,0.94894697,1.592807,1,-0.46575764,0.090915614,-5.3634467,0.06516063,0.028875094,-0.31610593
-1.2,0,13.5,0,0,26.996513,-3.4245758,4.569174,5.5164622,0.14335123,-0.36377266,0.81374407,1.3672089,1,-0.40163195,0.078699972,-5.3168755,0.055779713,0.024738277,-0.31767965
-1,0,13.5,0,0,26.844441,-3.4422674,4.5828417,5.5475299,0.14199948,-0.36027744,0.6783698,1.1407049,1,-0.33637483,0.066389646,-5.2773116,0.046432603,0.020587591,-0.31899861
-0.8,0,13.5,0,0,26.719488,-3.4567265,4.5939946,5.5729255,0.14089664,-0.35742341,0.54285667,0.91345255,1,-0.27018289,0.054004987,-5.2448605,0.037114305,0.01642609,-0.3200699
-0.6,0,13.5,0,0,26.62197,-3.4679622,4.6026502,5.5926624,0.14004081,-0.35520711,0.4072351,0.68560575,1,-0.20324548,0.041565987,-5.2195673,0.027819661,0.012256927,-0.32089798
-0.4,0,13.5,0,0,26.552139,-3.4759823,4.6088227,5.6067522,0.13943054,-0.35362596,0.27153375,0.45731567,1,-0.13575498,0.02909231,-5.2014769,0.018542762,0.0080831539,-0.32148675
-0.2,0,13.5,0,0,26.51017,-3.4807923,4.6125222,5.6152029,0.1390648,-0.35267804,0.13577984,0.22873112,1,-0.067900046,0.016603474,-5.1906195,0.0092775144,0.0039079457,-0.32183891
0,0,13.5,0,0,26.496166,-3.482395,4.6137546,5.6180189,0.13894294,-0.35236215,6.9484972e-08,3.1986426e-08,1,0.0001305529,0.0041188574,-5.1870111,1.7549661e-05,-0.0002656325,-0.32195602
0.2,0,13.5,0,0,26.51017,-3.4807923,4.6125222,5.6152029,0.13906479,-0.35267806,-0.1357797,-0.22873106,1,0.068150167,-0.0083422303,-5.1906617,-0.0092435442,-0.004434453,-0.32183891
0.4,0,13.5,0,0,26.552139,-3.4759824,4.6088227,5.6067522,0.13943053,-0.35362599,-0.27153361,-0.45731561,1,0.1359723,-0.020760422,-5.2015595,-0.018512208,-0.0085953695,-0.32148676
0.6,0,13.5,0,0,26.621971,-3.4679623,4.6026502,5.5926624,0.14004079,-0.35520715,-0.40723496,-0.68560568,1,0.20340865,-0.033116153,-5.219687,-0.027794902,-0.012745262,-0.32089801
0.8,0,13.5,0,0,26.719489,-3.4567265,4.5939946,5.5729255,0.14089661,-0.35742346,-0.54285653,-0.91345249,1,0.27027135,-0.045389599,-5.2450123,-0.037097866,-0.016880863,-0.32006996
1,0,13.5,0,0,26.844442,-3.4422675,4.5828418,5.5475299,0.14199945,-0.36027751,-0.67836966,-1.1407048,1,0.33636916,-0.057560667,-5.2774887,-0.046427228,-0.020998994,-0.31899871
1.2,0,13.5,0,0,26.996513,-3.4245759,4.569174,5.5164622,0.14335119,-0.36377275,-0.81374394,-1.3672088,1,0.40151426,-0.069608815,-5.3170695,-0.055788429,-0.025096336,-0.31767977
1.4,0,13.5,0,0,27.175309,-3.4036404,4.5529699,5.4797059,0.14495415,-0.36791335,-0.94894684,-1.5928069,1,0.46551199,-0.081513012,-5.3636476,-0.065186825,-0.029169633,-0.31610606
1.6,0,13.5,0,0,27.380362,-3.3794483,4.5342042,5.4372423,0.14681106,-0.37270426,-1.0839435,-1.817338,1,0.52816742,-0.093251708,-5.4171714,-0.074627157,-0.03321556,-0.31427197
-1.6,0,14,0,0,22.762909,-3.1176444,4.2033726,4.9019275,0.1339316,-0.34406942,0.99709027,1.642581,1,-0.40291613,0.092190263,-4.4987492,0.069708717,0.02849562,-0.29102168
-1.4,0,14,0,0,22.604232,-3.1402668,4.2215222,4.9415489,0.13213877,-0.33951025,0.87307932,1.4399,1,-0.35529118,0.081409383,-4.4573002,0.060939373,0.024936722,-0.29281908
-1.2,0,14,0,0,22.465803,-3.1598541,4.2372071,4.9758647,0.13059073,-0.33556912,0.74881191,1.2361527,1,-0.30655817,0.070527736,-4.4212028,0.052192052,0.021362884,-0.29436441
-1,0,14,0,0,22.348014,-3.1764139,4.2504459,5.0048839,0.12928501,-0.33224168,0.62432919,1.0314983,1,-0.25687882,0.059563255,-4.3905345,0.043464622,0.017776805,-0.29566296
-0.8,0,14,0,0,22.251194,-3.189953,4.2612551,5.0286148,0.12821953,-0.32952425,0.49967022,0.82609284,1,-0.20641586,0.048533698,-4.3653597,0.034754293,0.014181254,-0.29671923
-0.6,0,14,0,0,22.17561,-3.2004772,4.269648,5.0470642,0.12739256,-0.32741378,0.37487233,0.62008965,1,-0.15534246,0.03745728,-4.345744,0.026056976,0.010579365,-0.297538
-0.4,0,14,0,0,22.121475,-3.2079912,4.2756354,5.0602383,0.12680282,-0.32590801,0.24997149,0.41364014,1,-0.10376962,0.02634896,-4.3316866,0.017372798,0.0069730215,-0.29811912
-0.2,0,14,0,0,22.088933,-3.2124982,4.2792247,5.068141,0.12644936,-0.32500522,0.12500272,0.20689414,1,-0.051922022,0.015228174,-4.3232565,0.0086931142,0.0033660508,-0.29846778
0,0,14,0,0,22.078078,-3.2140004,4.2804208,5.0707752,0.1263316,-0.32470444,5.9939909e-08,1.9263056e-08,1,8.1627637e-05,0.0041111734,-4.3204575,1.687963e-05,-0.00023896682,-0.29858426
0.2,0,14,0,0,22.088933,-3.2124982,4.2792248,5.068141,0.12644935,-0.32500523,-0.1250026,-0.2068941,1,0.052076347,-0.0069850057,-4.3232913,-0.0086604707,-0.0038391151,-0.29846881
0.4,0,14,0,0,22.121475,-3.2079912,4.2756354,5.0602384,0.12680281,-0.32590803,-0.24997137,-0.41364011,1,0.1038973,-0.018043258,-4.3317546,-0.017343529,-0.0074314531,-0.29812114
0.6,0,14,0,0,22.17561,-3.2004772,4.269648,5.0470642,0.12739255,-0.32741382,-0.37487221,-0.62008961,1,0.15542626,-0.029047137,-4.345842,-0.02603342,-0.011013327,-0.29754097
0.8,0,14,0,0,22.251194,-3.1899531,4.2612551,5.0286148,0.1282195,-0.3295243,-0.4996701,-0.8260928,1,0.20643934,-0.039976873,-4.365483,-0.03473893,-0.014580783,-0.29672306
1,0,14,0,0,22.348014,-3.1764139,4.250446,5.004884,0.12928498,-0.33224175,-0.62432907,-1.0314983,1,0.25682663,-0.050817041,-4.3906766,-0.043460131,-0.018131765,-0.29566752
1.2,0,14,0,0,22.465804,-3.1598542,4.2372071,4.9758648,0.13059069,-0.3355692,-0.74881179,-1.2361527,1,0.30641646,-0.061548823,-4.4213559,-0.052201376,-0.021662911,-0.29436953
1.4,0,14,0,0,22.604232,-3.1402669,4.2215223,4.941549,0.13213872,-0.33951034,-0.87307921,-1.4399,1,0.35504801,-0.072153716,-4.4574549,-0.060965796,-0.025171171,-0.29282454
1.6,0,14,0,0,22.762909,-3.1176444,4.2033726,4.9019276,0.13393155,-0.34406953,-0.99709016,-1.642581,1,0.40256184,-0.082612897,-4.4988947,-0.069755946,-0.028653508,-0.29102719
-1.6,0,14.5,0,0,18.941322,-2.8754822,3.8990342,4.418735,0.12052197,-0.31488084,0.91630653,1.4838006,1,-0.30563779,0.082127441,-3.7372956,0.064971735,0.024637838,-0.26885536
-1.4,0,14.5,0,0,18.818731,-2.896576,3.9164578,4.455547,0.1188013,-0.31056068,0.80248102,1.3009167,1,-0.26969332,0.072560285,-3.705179,0.056825646,0.021559557,-0.2705943
-1.2,0,14.5,0,0,18.711736,-2.9148478,3.9315253,4.4874452,0.11731517,-0.30682538,0.68836525,1.1169891,1,-0.23283746,0.062904628,-3.6771898,0.048689289,0.018468387,-0.27209202
-1,0,14.5,0,0,18.620657,-2.9303015,3.9442503,4.5144315,0.11606138,-0.30367115,0.57400435,0.93217204,1,-0.19520278,0.053176182,-3.6533961,0.040562048,0.015366673,-0.27335254
-0.8,0,14.5,0,0,18.545766,-2.9429402,3.9546448,4.5365074,0.11503807,-0.30109475,0.45944178,0.7466174,1,-0.15692027,0.043390443,-3.6338544,0.032442976,0.012256865,-0.27437925
-0.6,0,14.5,0,0,18.487288,-2.9527671,3.9627191,4.5536755,0.11424372,-0.2990936,0.34471951,0.56047506,1,-0.11812414,0.033562787,-3.6186116,0.024330465,0.0091414748,-0.27517507
-0.4,0,14.5,0,0,18.445396,-2.9597847,3.9684809,4.5659372,0.11367718,-0.29766571,0.22987861,0.37389359,1,-0.078944413,0.02370841,-3.6077033,0.016222931,0.0060230802,-0.27574223
-0.2,0,14.5,0,0,18.420212,-2.9639946,3.9719358,4.5732938,0.11333759,-0.29680956,0.11495896,0.1870198,1,-0.039511916,0.013842358,-3.6011536,0.0081184478,0.0029042703,-0.27608225
0,0,14.5,0,0,18.411808,-2.9653977,3.973087,4.5757459,0.11322444,-0.29652427,5.1460525e-08,8.4585756e-09,1,4.4201282e-05,0.0039796565,-3.5989769,1.5077004e-05,-0.000212312,-0.27619608
0.2,0,14.5,0,0,18.420212,-2.9639946,3.9719358,4.5732938,0.11333758,-0.29680957,-0.11495885,-0.18701978,1,0.039593305,-0.0058646093,-3.6011779,-0.008089362,-0.0033239828,-0.27608405
0.4,0,14.5,0,0,18.445396,-2.9597847,3.9684809,4.5659372,0.11367717,-0.29766573,-0.22987851,-0.37389357,1,0.079004907,-0.015675287,-3.6077504,-0.016197074,-0.0064280275,-0.27574578
0.6,0,14.5,0,0,18.487288,-2.9527672,3.9627191,4.5536755,0.1142437,-0.29909364,-0.34471941,-0.56047505,1,0.11815029,-0.025437143,-3.6186785,-0.024310071,-0.0095217117,-0.27518028
0.8,0,14.5,0,0,18.545766,-2.9429402,3.9546449,4.5365075,0.11503804,-0.30109479,-0.45944168,-0.74661739,1,0.15689939,-0.035134784,-3.6339368,-0.032430407,-0.012602292,-0.27438597
1,0,14.5,0,0,18.620657,-2.9303015,3.9442504,4.5144315,0.11606135,-0.30367121,-0.57400425,-0.93217203,1,0.1951232,-0.044752524,-3.6534884,-0.040559847,-0.015666972,-0.27336053
1.2,0,14.5,0,0,18.711736,-2.9148479,3.9315253,4.4874453,0.11731514,-0.30682545,-0.68836515,-1.1169891,1,0.23268892,-0.054274348,-3.6772848,-0.048700246,-0.018712954,-0.27210102
1.4,0,14.5,0,0,18.818732,-2.896576,3.9164579,4.455547,0.11880126,-0.31056076,-0.80248092,-1.3009167,1,0.26946731,-0.063683967,-3.7052683,-0.056852866,-0.021737436,-0.27060394
1.6,0,14.5,0,0,18.941322,-2.8754822,3.8990342,4.4187351,0.12052192,-0.31488094,-0.91630644,-1.4838006,1,0.30532793,-0.072964705,-3.7373695,-0.065018722,-0.024737641,-0.26886519
-1.6,0,15,0,0,15.778233,-2.651999,3.6192279,3.9827372,0.10665283,-0.28529493,0.84134083,1.3397153,1,-0.23026614,0.072877865,-3.1138335,0.060416752,0.021323375,-0.24899833
-1.4,0,15,0,0,15.683763,-2.671621,3.635854,4.0168217,0.10501014,-0.28121702,0.73694077,1.1747523,1,-0.20332446,0.064417277,-3.0885374,0.052863301,0.01865787,-0.25036585
-1.2,0,15,0,0,15.601275,-2.6886243,3.6502395,4.0463687,0.10359095,-0.27769039,0.63222954,1.0087835,1,-0.17564214,0.055878599,-3.0662695,0.045310352,0.015981395,-0.25155252
-1,0,15,0,0,15.531034,-2.7030099,3.6623947,4.071375,0.10239336,-0.27471184,0.52725457,0.84195627,1,-0.14732684,0.047275667,-3.0471336,0.037758396,0.013295997,-0.25256056
-0.8,0,15,0,0,15.47326,-2.7147784,3.6723278,4.0918376,0.10141572,-0.27227858,0.42206192,0.6744164,1,-0.11848409,0.038622106,-3.0312176,0.030207751,0.010603809,-0.2533914
-0.6,0,15,0,0,15.428139,-2.7239309,3.6800463,4.107755,0.10065673,-0.27038843,0.31669653,0.50630825,1,-0.089222782,0.029931497,-3.0185978,0.022658126,0.0079070781,-0.25404592
-0.4,0,15,0,0,15.395807,-2.7304677,3.6855553,4.1191252,0.10011531,-0.26903953,0.21120224,0.33777464,1,-0.059646745,0.02121711,-3.0093355,0.015109435,0.0052080556,-0.25452412
-0.2,0,15,0,0,15.376368,-2.7343896,3.6888591,4.1259477,0.099790758,-0.2682307,0.10562245,0.168958,1,-0.02986345,0.012492338,-3.0034819,0.0075610894,0.0025090949,-0.25482547
0,0,15,0,0,15.369881,-2.7356968,3.6899601,4.128222,0.099682621,-0.26796117,4.4043823e-08,-4.5980354e-10,1,2.0766424e-05,0.0037704945,-3.0010765,1.2455723e-05,-0.00018741869,-0.25494868
0.2,0,15,0,0,15.376368,-2.7343896,3.6888591,4.1259477,0.099790753,-0.26823071,-0.10562237,-0.16895801,1,0.029899686,-0.0049350817,-3.002148,-0.0075371767,-0.0028790588,-0.25489178
0.4,0,15,0,0,15.395807,-2.7304678,3.6855553,4.1191252,0.1001153,-0.26903956,-0.21120215,-0.33777464,1,0.059667224,-0.013610983,-3.0067154,-0.01508854,-0.0055633635,-0.25465216
0.6,0,15,0,0,15.428139,-2.7239309,3.6800463,4.107755,0.10065671,-0.27038846,-0.31669645,-0.50630826,1,0.089217441,-0.022243684,-3.014788,-0.022642334,-0.0082378401,-0.25422658
0.8,0,15,0,0,15.473261,-2.7147785,3.6723278,4.0918376,0.1014157,-0.27227862,-0.42206184,-0.6744164,1,0.11844353,-0.030819438,-3.0263659,-0.030199261,-0.010899955,-0.25361119
1,0,15,0,0,15.531034,-2.70301,3.6623947,4.071375,0.10239333,-0.27471189,-0.52725449,-0.84195628,1,0.14724264,-0.039324468,-3.0411085,-0.037759571,-0.013547201,-0.25215293
1.2,0,15,0,0,15.601275,-2.6886244,3.6502396,4.0463688,0.10359092,-0.27769046,-0.63222945,-1.0087835,1,0.17550709,-0.047744533,-3.0600045,-0.045323775,-0.016176994,-0.25179359
1.4,0,15,0,0,15.683763,-2.671621,3.635854,4.0168217,0.10501009,-0.28121709,-0.73694069,-1.1747523,1,0.20313295,-0.056065181,-3.0820281,-0.052891847,-0.018786784,-0.25058153
1.6,0,15,0,0,15.778233,-2.651999,3.619228,3.9827373,0.10665279,-0.28529501,-0.84134075,-1.3397153,1,0.23001445,-0.064271561,-3.106151,-0.060463661,-0.021374011,-0.24784337
-1.6,0,15.5,0,0,13.15968,-2.4461957,3.3621005,3.5894443,0.092392487,-0.25545844,0.7719063,1.2090888,1,-0.17183511,0.061233383,-2.5832913,0.056114625,0.018275449,-0.2280312
-1.4,0,15.5,0,0,13.087153,-2.4644134,3.3778873,3.6209164,0.09083157,-0.25162256,0.67621483,1.0603383,1,-0.15181511,0.053820123,-2.5639925,0.049115501,0.016010114,-0.22961081
-1.2,0,15.5,0,0,13.023802,-2.4802051,3.3915533,3.6482089,0.089482678,-0.24830457,0.58020136,0.91062991,1,-0.1312058,0.046335154,-2.5471542,0.04211008,0.013734702,-0.23097479
-1,0,15.5,0,0,12.969838,-2.4935693,3.4031051,3.671314,0.088344126,-0.24550168,0.48391418,0.76010301,1,-0.11007871,0.03879072,-2.5328103,0.035100973,0.011450907,-0.23212385
-0.8,0,15.5,0,0,12.925441,-2.5045048,3.4125486,3.690226,0.08741452,-0.24321163,0.38740074,0.60889614,1,-0.088555875,0.031199057,-2.5210459,0.028085958,0.0091605701,-0.23306392
-0.6,0,15.5,0,0,12.890757,-2.5130109,3.4198883,3.7049398,0.086692676,-0.24143242,0.29070714,0.4571461,1,-0.06668442,0.023572163,-2.5118502,0.021069374,0.0068655754,-0.2337924
-0.4,0,15.5,0,0,12.8659,-2.5190869,3.4251281,3.7154521,0.086177712,-0.24016261,0.19387915,0.30498957,1,-0.044562777,0.015922164,-2.5052641,0.01405074,0.0045679232,-0.23431189
-0.2,0,15.5,0,0,12.850953,-2.5227327,3.4282709,3.7217604,0.085868988,-0.23940115,0.09696187,0.15256239,1,-0.022276555,0.0082611293,-2.5013059,0.0070305887,0.0022696696,-0.23462325
0,0,15.5,0,0,12.845965,-2.523948,3.4293184,3.7238634,0.085766121,-0.2391474,3.7630954e-08,-7.638289e-09,1,8.854773e-05,0.00060115578,-2.4999866,9.3408959e-06,-2.7070024e-05,-0.234727
0.2,0,15.5,0,0,12.850953,-2.5227327,3.428271,3.7217604,0.085868983,-0.23940116,-0.096961795,-0.1525624,1,0.022446827,-0.0070455953,-2.5013095,-0.0070126483,-0.0023201288,-0.23462331
0.4,0,15.5,0,0,12.8659,-2.519087,3.4251282,3.7154521,0.086177701,-0.24016263,-0.19387908,-0.30498958,1,0.044712638,-0.014666865,-2.5052706,-0.014035046,-0.004607295,-0.23431197
0.6,0,15.5,0,0,12.890757,-2.5130109,3.4198883,3.7049398,0.08669266,-0.24143245,-0.29070707,-0.45714611,1,0.06680048,-0.022250263,-2.5118582,-0.021057496,-0.0068863183,-0.23379245
0.8,0,15.5,0,0,12.925442,-2.5045049,3.4125486,3.690226,0.087414499,-0.24321167,-0.38740067,-0.60889616,1,0.088625069,-0.029783226,-2.5210534,-0.02807958,-0.009154915,-0.23306384
1,0,15.5,0,0,12.969838,-2.4935693,3.4031052,3.6713141,0.088344099,-0.24550173,-0.48391411,-0.76010303,1,0.11008845,-0.037252934,-2.5328145,-0.035101944,-0.011410762,-0.23212349
1.2,0,15.5,0,0,13.023803,-2.4802052,3.3915534,3.6482089,0.089482645,-0.24830463,-0.58020129,-0.91062993,1,0.13114414,-0.04464648,-2.5471517,-0.04212047,-0.013651553,-0.23097396
1.4,0,15.5,0,0,13.087153,-2.4644134,3.3778873,3.6209165,0.090831532,-0.25162263,-0.67621476,-1.0603383,1,0.1516709,-0.051950494,-2.5639792,-0.049137665,-0.015874915,-0.22960923
1.6,0,15.5,0,0,13.159681,-2.4461957,3.3621006,3.5894443,0.092392443,-0.25545852,-0.77190623,-1.2090888,1,0.17159827,-0.059151365,-2.5832626,-0.056151282,-0.018078509,-0.22802852
-1.6,0,16,0,0,10.991285,-2.2570593,3.1259106,3.2347775,0.077806067,-0.22550744,0.70769544,1.0907462,1,-0.12657422,0.054044704,-2.1498214,0.052011966,0.015885311,-0.20935126
-1.4,0,16,0,0,10.935906,-2.273947,3.1408401,3.2637742,0.076329078,-0.2219106,0.62004026,0.95665708,1,-0.11191479,0.04752725,-2.1348642,0.045537755,0.013919174,-0.2108429
-1.2,0,16,0,0,10.887514,-2.2885897,3.1537691,3.2889274,0.075052356,-0.21879868,0.53205976,0.8216638,1,-0.096786028,0.040946619,-2.1218081,0.039052537,0.011944613,-0.21213216
-1,0,16,0,0,10.846277,-2.3009843,3.1647016,3.3102267,0.073974467,-0.21616938,0.44380228,0.6858973,1,-0.081253881,0.034313607,-2.1106933,0.032558417,0.0099631008,-0.21322051
-0.8,0,16,0,0,10.812341,-2.3111284,3.1736412,3.3276643,0.073094206,-0.21402078,0.35531532,0.54948773,1,-0.065386106,0.027638944,-2.1015541,0.026057121,0.0079762165,-0.21410923
-0.6,0,16,0,0,10.785823,-2.3190201,3.1805909,3.3412334,0.072410583,-0.21235129,0.26664564,0.41256451,1,-0.049250493,0.02093329,-2.0944182,0.019550208,0.0059856291,-0.21479939
-0.4,0,16,0,0,10.766815,-2.324658,3.1855533,3.3509292,0.07192283,-0.21115969,0.1778394,0.27525654,1,-0.032915206,0.01420728,-2.0893073,0.013039064,0.003993087,-0.21529183
-0.2,0,16,0,0,10.755385,-2.3280412,3.18853,3.356748,0.071630396,-0.21044508,0.088942379,0.13769229,1,-0.016448676,0.007471549,-2.0862365,0.0065249465,0.0020004085,-0.21558714
0,0,16,0,0,10.75157,-2.329169,3.1895222,3.3586879,0.071532954,-0.21020693,3.21313e-08,-1.3279365e-08,1,8.0510307e-05,0.00073676347,-2.0852148,9.0183896e-06,9.4726522e-06,-0.21568569
0.2,0,16,0,0,10.755385,-2.3280412,3.1885301,3.356748,0.071630391,-0.21044508,-0.088942315,-0.13769232,1,0.01660372,-0.005986352,-2.086245,-0.0065076119,-0.0019777877,-0.21558758
0.4,0,16,0,0,10.766815,-2.324658,3.1855533,3.3509292,0.07192282,-0.2111597,-0.17783934,-0.27525656,1,0.033052378,-0.012686984,-2.0893236,-0.013023855,-0.0039593932,-0.21529268
0.6,0,16,0,0,10.785823,-2.3190201,3.180591,3.3412334,0.072410569,-0.21235132,-0.26664557,-0.41256453,1,0.049358077,-0.0193542,-2.094441,-0.019538602,-0.0059333234,-0.21480057
0.8,0,16,0,0,10.812341,-2.3111284,3.1736412,3.3276643,0.073094186,-0.21402081,-0.35531526,-0.54948776,1,0.065452691,-0.025976914,-2.1015813,-0.026050695,-0.0078975225,-0.21411064
1,0,16,0,0,10.846277,-2.3009843,3.1647016,3.3102268,0.073974442,-0.21616942,-0.44380222,-0.68589733,1,0.081268492,-0.032543854,-2.1107224,-0.032558886,-0.009849904,-0.21322197
1.2,0,16,0,0,10.887514,-2.2885897,3.1537691,3.2889274,0.075052326,-0.21879873,-0.5320597,-0.82166384,1,0.096738278,-0.03904352,-2.121836,-0.039061806,-0.011788355,-0.21213347
1.4,0,16,0,0,10.935906,-2.273947,3.1408401,3.2637743,0.076329042,-0.22191066,-0.6200402,-0.95665711,1,0.11179504,-0.045464138,-2.1348871,-0.045557977,-0.01371074,-0.21084375
1.6,0,16,0,0,10.991285,-2.2570593,3.1259107,3.2347776,0.077806027,-0.2255075,-0.70769538,-1.0907463,1,0.12637378,-0.051793628,-2.1498348,-0.052045608,-0.015614904,-0.20935127
-1.6,0,16.5,0,0,9.1949909,-2.0835803,2.9090303,2.9150408,0.062955027,-0.19556676,0.64839181,0.98358523,1,-0.091514722,0.047578283,-1.7904729,0.048149752,0.013818133,-0.19183331
-1.4,0,16.5,0,0,9.1530203,-2.099215,2.9231016,2.9417099,0.061562645,-0.19220353,0.56814475,0.86275132,1,-0.080994004,0.041861111,-1.7788906,0.042166392,0.012110673,-0.19323483
-1.2,0,16.5,0,0,9.1163288,-2.1127743,2.9352913,2.9648496,0.060358737,-0.18929309,0.48757489,0.74107019,1,-0.070102095,0.036088185,-1.7687764,0.036168932,0.010396179,-0.19444721
-1,0,16.5,0,0,9.0850519,-2.1242541,2.9456018,2.9844482,0.059342097,-0.18683361,0.40672981,0.61866397,1,-0.058891572,0.030269005,-1.7601637,0.030159736,0.0086759149,-0.19547143
-0.8,0,16.5,0,0,9.0593043,-2.1336511,2.9540349,3.0004963,0.0585117,-0.18482349,0.32565639,0.49565427,1,-0.04741545,0.024412995,-1.7530802,0.02414097,0.0069512445,-0.19630833
-0.6,0,16.5,0,0,9.0391802,-2.1409626,2.9605921,3.012986,0.057866705,-0.18326141,0.24440097,0.37216226,1,-0.035727284,0.01852954,-1.7475487,0.018114633,0.0052236226,-0.19695859
-0.4,0,16.5,0,0,9.0247532,-2.1461865,2.9652749,3.0219115,0.05740646,-0.18214637,0.16300944,0.24830883,1,-0.023881049,0.012628006,-1.7435867,0.012082582,0.0034945827,-0.19742278
-0.2,0,16.5,0,0,9.016076,-2.1493214,2.9680842,3.0272684,0.057130499,-0.18147764,0.081527344,0.12421459,1,-0.01193102,0.0067177627,-1.7412068,0.0060465678,0.0017657273,-0.19770128
0,0,16.5,0,0,9.01318,-2.1503665,2.9690206,3.0290543,0.057038542,-0.18125478,2.7440614e-08,-1.7603267e-08,1,6.8344555e-05,0.00080821195,-1.7404162,8.2642127e-06,3.87203e-05,-0.19779434
0.2,0,16.5,0,0,9.016076,-2.1493214,2.9680842,3.0272684,0.057130495,-0.18147765,-0.081527289,-0.12421462,1,0.012062523,-0.0050911919,-1.7412172,-0.0060306993,-0.0016847209,-0.19770202
0.4,0,16.5,0,0,9.0247533,-2.1461865,2.965275,3.0219115,0.057406451,-0.18214639,-0.16300938,-0.24830887,1,0.023997046,-0.010970914,-1.743607,-0.012068709,-0.0034028312,-0.19742422
0.6,0,16.5,0,0,9.0391803,-2.1409626,2.9605921,3.012986,0.057866691,-0.18326143,-0.24440092,-0.3721623,1,0.03581762,-0.016821313,-1.7475776,-0.018104137,-0.0051138039,-0.19696067
0.8,0,16.5,0,0,9.0593043,-2.1336511,2.9540349,3.0004963,0.058511681,-0.18482351,-0.32565634,-0.4956543,1,0.047470248,-0.02263261,-1.753116,-0.024135313,-0.0068157949,-0.19631093
1,0,16.5,0,0,9.0850519,-2.1242541,2.9456018,2.9844482,0.059342074,-0.18683365,-0.40672976,-0.61866401,1,0.058901354,-0.028394861,-1.7602039,-0.030160497,-0.0085069273,-0.1954744
1.2,0,16.5,0,0,9.1163288,-2.1127743,2.9352914,2.9648496,0.060358709,-0.18929314,-0.48757484,-0.74107023,1,0.070057917,-0.034097919,-1.7688182,-0.036177851,-0.010185295,-0.19445032
1.4,0,16.5,0,0,9.1530204,-2.099215,2.9231016,2.9417099,0.061562613,-0.19220358,-0.5681447,-0.86275137,1,0.081682444,-0.040665211,-1.7780805,-0.042124759,-0.011934272,-0.19321909
1.6,0,16.5,0,0,9.194991,-2.0835803,2.9090303,2.9150408,0.062954989,-0.19556681,-0.64839177,-0.98358527,1,0.09058923,-0.045238996,-1.7912189,-0.048255447,-0.013512177,-0.19193722
-1.6,0,17,0,0,7.7062909,-1.9247652,2.7099426,2.6268891,0.047896673,-0.16574956,0.59367827,0.8865807,1,-0.063306827,0.044352383,-1.4949046,0.044661302,0.01223946,-0.17571291
-1.4,0,17,0,0,7.6748094,-1.9392249,2.7231678,2.6513833,0.046588427,-0.16261276,0.52025486,0.77773,1,-0.052286063,0.033497454,-1.4793846,0.039602107,0.010131108,-0.17622307
-1.2,0,17,0,0,7.6472747,-1.9517675,2.734628,2.6726402,0.045456985,-0.15989774,0.44651538,0.6680898,1,-0.052199204,0.031729249,-1.4737494,0.033114674,0.0090544087,-0.17763065
-1,0,17,0,0,7.6237938,-1.9623883,2.7443237,2.6906475,0.044501333,-0.15760301,0.37250607,0.5577734,1,-0.041575548,0.026633827,-1.4781915,0.027906465,0.0075602768,-0.17998593
-0.8,0,17,0,0,7.6044572,-1.9710833,2.7522556,2.7053947,0.04372061,-0.15572726,0.29827266,0.44689388,1,-0.033496892,0.019997568,-1.465629,0.022340055,0.0058777884,-0.17986824
-0.6,0,17,0,0,7.5893398,-1.9778494,2.7584242,2.7168733,0.043114111,-0.15426944,0.22386048,0.33556413,1,-0.025252843,0.016353226,-1.4569215,0.016764759,0.0045623464,-0.17996582
-0.4,0,17,0,0,7.5784999,-1.982684,2.76283,2.725077,0.04268129,-0.15322873,0.14931451,0.22389685,1,-0.016884062,0.011184542,-1.4528571,0.011182833,0.003061159,-0.18029634
-0.2,0,17,0,0,7.5719792,-1.9855855,2.7654734,2.730001,0.042421752,-0.15260455,0.074679508,0.11200464,1,-0.0077781983,0.0080379369,-1.4534872,0.005661712,0.0018161964,-0.18086557
0,0,17,0,0,7.5698028,-1.9865528,2.7663545,2.7316427,0.042335265,-0.15239653,2.3453208e-08,-2.082463e-08,1,0.0027513354,0.00083166851,-1.4588088,0.0003500472,6.1384499e-05,-0.18167576
0.2,0,17,0,0,7.5719792,-1.9855855,2.7654734,2.730001,0.042421748,-0.15260455,-0.074679462,-0.11200468,1,0.0085384122,-0.0043358753,-1.4529644,-0.0055825985,-0.0014341643,-0.18075662
0.4,0,17,0,0,7.5784999,-1.982684,2.76283,2.725077,0.042681281,-0.15322875,-0.14931447,-0.22389689,1,0.016975934,-0.0056771184,-1.4562055,-0.011170919,-0.002354313,-0.18069039
0.6,0,17,0,0,7.5893399,-1.9778494,2.7584242,2.7168733,0.043114099,-0.15426946,-0.22386043,-0.33556417,1,0.02532262,-0.014611382,-1.45928,-0.016756003,-0.0044089751,-0.18025561
0.8,0,17,0,0,7.6044573,-1.9710834,2.7522556,2.7053947,0.043720593,-0.15572728,-0.29827261,-0.44689392,1,0.033536674,-0.01970216,-1.4635671,-0.022335778,-0.0058848858,-0.17964632
1,0,17,0,0,7.6237938,-1.9623883,2.7443237,2.6906475,0.044501312,-0.15760304,-0.37250602,-0.55777344,1,0.041576029,-0.024750009,-1.469052,-0.027908185,-0.0073509171,-0.17886215
1.2,0,17,0,0,7.6472748,-1.9517675,2.734628,2.6726402,0.04545696,-0.15989778,-0.44651534,-0.66808984,1,0.049399152,-0.028490888,-1.4757159,-0.03347109,-0.0087121894,-0.17790262
1.4,0,17,0,0,7.6748094,-1.9392249,2.7231678,2.6513833,0.046588397,-0.1626128,-0.52025482,-0.77773005,1,0.056123461,-0.034532073,-1.4825272,-0.039114263,-0.01026553,-0.17663827
1.6,0,17,0,0,7.706291,-1.9247652,2.7099427,2.6268891,0.047896639,-0.16574961,-0.59367823,-0.88658075,1,0.0644476,-0.039347639,-1.494866,-0.044549136,-0.011664653,-0.17564011
-1.6,0,17.5,0,0,6.471912,-1.7796469,2.5272387,2.3672992,0.032684021,-0.13615764,0.54324391,0.79878765,1,-0.042334753,0.038482976,-1.2443053,0.041303881,0.010533382,-0.16010424
-1.4,0,17.5,0,0,6.448634,-1.7930084,2.5396395,2.389771,0.031458513,-0.13323877,0.47610169,0.70077037,1,-0.038108508,0.034268687,-1.2421356,0.036115586,0.009351757,-0.16192318
-1.2,0,17.5,0,0,6.4282623,-1.8046004,2.5503878,2.4092761,0.030398372,-0.13071191,0.40865302,0.60202038,1,-0.033664277,0.029999325,-1.2326275,0.030906809,0.0081646137,-0.1624427
-1,0,17.5,0,0,6.4108811,-1.8144175,2.5594833,2.4258017,0.029502757,-0.12857584,0.34094249,0.50264253,1,-0.029030159,0.02567976,-1.2190239,0.025680677,0.0069726097,-0.16208845
-0.8,0,17.5,0,0,6.3965616,-1.8224555,2.5669254,2.4393372,0.028770955,-0.12682956,0.27301432,0.40274156,1,-0.015131977,0.012275451,-1.2100606,0.021665564,0.0043987188,-0.16199419
-0.6,0,17.5,0,0,6.3853629,-1.8287109,2.572714,2.4498738,0.028202383,-0.12547221,0.20491243,0.30242219,1,-0.016884279,0.015215649,-1.2195794,0.015537669,0.0039510058,-0.16465165
-0.4,0,17.5,0,0,6.3773308,-1.833181,2.5768488,2.4574047,0.027796584,-0.12450314,0.13668046,0.20178906,1,-0.011476287,0.011011082,-1.2172015,0.010343155,0.0027178015,-0.16505595
-0.2,0,17.5,0,0,6.3724983,-1.8358637,2.5793297,2.4619251,0.027553235,-0.12392189,0.068361874,0.1009468,1,-0.0060049348,0.0068009691,-1.208289,0.0051431928,0.0014865426,-0.16390417
0,0,17.5,0,0,6.3708853,-1.8367581,2.5801567,2.4634323,0.027472139,-0.12372818,2.006934e-08,-2.3139746e-08,1,0.0010218033,0.002590845,-1.2056372,7.8436875e-05,0.00025833579,-0.16378989
0.2,0,17.5,0,0,6.3724983,-1.8358637,2.5793297,2.4619251,0.027553231,-0.1239219,-0.068361834,-0.10094685,1,0.0059456491,-0.0068790607,-1.2166256,-0.005142525,-0.0017394719,-0.16542054
0.4,0,17.5,0,0,6.3773308,-1.833181,2.5768488,2.4574047,0.027796577,-0.12450315,-0.13668042,-0.20178911,1,0.011076839,-0.010707928,-1.2179072,-0.010398682,-0.0029155355,-0.16515157
0.6,0,17.5,0,0,6.3853629,-1.8287109,2.572714,2.4498738,0.028202371,-0.12547222,-0.20491239,-0.30242223,1,0.017208856,-0.012686846,-1.2202553,-0.015493777,-0.003802592,-0.16460009
0.8,0,17.5,0,0,6.3965617,-1.8224556,2.5669254,2.4393372,0.02877094,-0.12682958,-0.27301429,-0.40274161,1,0.022767641,-0.017139869,-1.2253022,-0.020651373,-0.0050833946,-0.1642976
1,0,17.5,0,0,6.4108811,-1.8144175,2.5594833,2.4258017,0.029502737,-0.12857587,-0.34094245,-0.50264258,1,0.028189714,-0.021555525,-1.2271064,-0.025800769,-0.0063553007,-0.1633545
1.2,0,17.5,0,0,6.4282624,-1.8046004,2.5503878,2.4092761,0.030398349,-0.13071194,-0.40865298,-0.60202043,1,0.032212647,-0.025925974,-1.2322453,-0.031054061,-0.0076167774,-0.16245828
1.4,0,17.5,0,0,6.448634,-1.7930085,2.5396395,2.389771,0.031458486,-0.13323881,-0.47610165,-0.70077042,1,0.038575101,-0.030855,-1.238165,-0.036058182,-0.0089786438,-0.16136398
1.6,0,17.5,0,0,6.4719121,-1.7796469,2.5272387,2.3672992,0.03268399,-0.13615768,-0.54324387,-0.7987877,1,0.04333882,-0.035064459,-1.2449935,-0.041172904,-0.010182408,-0.16013333
-1.6,0,18,0,0,5.4478704,-1.6472912,2.3596129,2.1335402,0.01736571,-0.10688168,0.49678834,0.71934006,1,-0.026786186,0.027613836,-1.0396423,0.038077772,0.008155029,-0.14592786
-1.4,0,18,0,0,5.4310006,-1.6596293,2.3712173,2.1541382,0.016220796,-0.10417127,0.43542472,0.63111728,1,-0.023952461,0.023917994,-1.0344112,0.033353307,0.0071306436,-0.14707744
-1.2,0,18,0,0,5.4162258,-1.6703348,2.3812776,2.1720194,0.015230146,-0.10182443,0.37376629,0.54221674,1,-0.02093106,0.020218393,-1.0298348,0.028611813,0.0061027189,-0.14807349
-1,0,18,0,0,5.4036115,-1.6794022,2.3897923,2.1871711,0.014393073,-0.099840236,0.31185576,0.45273517,1,-0.017744887,0.01652161,-1.025931,0.023856358,0.0050720793,-0.14891604
-0.8,0,18,0,0,5.3932136,-1.6868271,2.3967603,2.1995825,0.013708993,-0.098217897,0.24973558,0.36276933,1,-0.014417404,0.012833824,-1.0227151,0.019089929,0.0040396365,-0.14960517
-0.6,0,18,0,0,5.3850783,-1.6926057,2.4021808,2.2092448,0.013177429,-0.096956759,0.18744795,0.27241603,1,-0.010972541,0.009160811,-1.0202,0.014315442,0.0030063789,-0.15014097
-0.4,0,18,0,0,5.3792415,-1.6967353,2.406053,2.2161513,0.012798007,-0.096056312,0.12503491,0.18177214,1,-0.0074346067,0.0055079333,-1.0183958,0.0095357588,0.001973362,-0.1505236
-0.2,0,18,0,0,5.375729,-1.6992139,2.4083765,2.2202971,0.012570459,-0.095516191,0.062538334,0.090934494,1,-0.0038281903,0.001880146,-1.0173103,0.0047536913,0.00094169934,-0.15075322
0,0,18,0,0,5.3745565,-1.7000402,2.409151,2.2216794,0.012494627,-0.095336177,1.719899e-08,-2.4720974e-08,1,-0.00017808013,-0.0017179986,-1.0169483,-2.7987084e-05,-8.744574e-05,-0.15083003
0.2,0,18,0,0,5.375729,-1.6992139,2.4083765,2.2202971,0.012570456,-0.095516196,-0.0625383,-0.090934544,1,0.0034908228,-0.0052823384,-1.0173125,-0.0048065336,-0.0011128678,-0.15075425
0.4,0,18,0,0,5.3792415,-1.6967353,2.406053,2.2161513,0.012798,-0.096056322,-0.12503488,-0.18177219,1,0.0071535829,-0.0088090815,-1.0184027,-0.0095792287,-0.0021333267,-0.15052611
0.6,0,18,0,0,5.3850783,-1.6926057,2.4021808,2.2092448,0.013177419,-0.096956773,-0.18744792,-0.27241609,1,0.010785303,-0.012294779,-1.0202165,-0.014343369,-0.003147554,-0.15014587
0.8,0,18,0,0,5.3932137,-1.6868271,2.3967603,2.1995825,0.01370898,-0.098217916,-0.24973554,-0.36276938,1,0.014015333,-0.015736072,-1.0233114,-0.019096493,-0.0041542106,-0.14965085
1,0,18,0,0,5.4036116,-1.6794022,2.3897923,2.1871711,0.014393055,-0.09984026,-0.31185573,-0.45273522,1,0.017856628,-0.019281992,-1.0259003,-0.023835204,-0.0051093812,-0.14890542
1.2,0,18,0,0,5.4162259,-1.6703348,2.3812776,2.1720194,0.015230125,-0.10182446,-0.37376626,-0.54221679,1,0.021690552,-0.022780007,-1.0296537,-0.028504028,-0.0060840309,-0.14806917
1.4,0,18,0,0,5.4310007,-1.6596293,2.3712173,2.1541382,0.016220771,-0.1041713,-0.43542469,-0.63111733,1,0.02450883,-0.025438841,-1.034514,-0.033260459,-0.0068729969,-0.14712518
1.6,0,18,0,0,5.4478704,-1.6472912,2.3596129,2.1335402,0.017365682,-0.10688172,-0.49678831,-0.71934012,1,0.027617439,-0.029249878,-1.0404425,-0.037941205,-0.0080085855,-0.14605807
-1.6,0,18.5,0,0,4.5978543,-1.5268019,2.2058569,1.9231456,0.0019859939,-0.078001635,0.45402444,0.64744761,1,-0.014624336,0.025576468,-0.86909896,0.035123099,0.0070461374,-0.13273725
-1.4,0,18.5,0,0,4.5859802,-1.5381881,2.2166975,1.9420127,0.00091896301,-0.07548953,0.39797453,0.56808094,1,-0.013199582,0.02237322,-0.86511024,0.030768111,0.0061564185,-0.13380431
-1.2,0,18.5,0,0,4.5755693,-1.5480687,2.2260973,1.9583932,-4.4982719e-06,-0.073314022,0.34164276,0.48808894,1,-0.011630289,0.019160758,-0.86161815,0.026396248,0.0052636335,-0.13472911
-1,0,18.5,0,0,4.5666726,-1.5564383,2.2340543,1.9722746,-0.00078494406,-0.071474412,0.28506982,0.40756067,1,-0.0099336729,0.01594458,-0.8586371,0.022010447,0.0043684987,-0.13551157
-0.8,0,18.5,0,0,4.5593335,-1.5632924,2.2405667,1.9836464,-0.0014228453,-0.0699701,0.22829621,0.32658531,1,-0.0081274595,0.012729883,-0.85617948,0.017613579,0.0034718059,-0.13615166
-0.6,0,18.5,0,0,4.5535879,-1.5686271,2.2456332,1.9925001,-0.0019185885,-0.068800596,0.17136227,0.24525215,1,-0.0062298132,0.0095215687,-0.85425566,0.01320846,0.0025744132,-0.13664938
-0.4,0,18.5,0,0,4.5494638,-1.5724396,2.2492529,1.9988289,-0.0022724754,-0.067965513,0.11430821,0.16365058,1,-0.0042592579,0.0063242388,-0.85287393,0.0087978593,0.001677237,-0.13700479
-0.2,0,18.5,0,0,4.5469812,-1.574728,2.251425,2.002628,-0.0024847217,-0.067464574,0.057174109,0.081870024,1,-0.0022346024,0.003142204,-0.85204051,0.0043845087,0.00078124387,-0.13721799
0,0,18.5,0,0,4.5461524,-1.5754909,2.252149,2.0038947,-0.0025554571,-0.067297615,1.476327e-08,-2.5715411e-08,1,-0.00017486488,-2.0509119e-05,-0.85175959,-2.889294e-05,-0.0001125559,-0.1372891
0.2,0,18.5,0,0,4.5469812,-1.574728,2.251425,2.002628,-0.0024847248,-0.067464578,-0.057174079,-0.081870076,1,0.0019007987,-0.0031601446,-0.85203327,-0.0044396713,-0.0010031152,-0.13721829
0.4,0,18.5,0,0,4.5494638,-1.5724396,2.2492529,1.9988289,-0.0022724817,-0.067965521,-0.11430818,-0.16365063,1,0.0039731652,-0.0062731988,-0.85286159,-0.0088451707,-0.0018893557,-0.13700576
0.6,0,18.5,0,0,4.5535879,-1.5686271,2.2456332,1.9925001,-0.001918598,-0.068800608,-0.17136224,-0.2452522,1,0.0060230116,-0.0093563972,-0.85424257,-0.013242749,-0.0027701739,-0.13665174
0.8,0,18.5,0,0,4.5593336,-1.5632924,2.2405667,1.9836464,-0.0014228579,-0.069970117,-0.22829618,-0.32658536,1,0.0076408622,-0.012805563,-0.85646265,-0.017690732,-0.0036606895,-0.13618589
1,0,18.5,0,0,4.5666726,-1.5564384,2.2340543,1.9722746,-0.00078495989,-0.071474432,-0.28506979,-0.40756072,1,0.010013342,-0.015393539,-0.8588809,-0.021998524,-0.0044068369,-0.135541
1.2,0,18.5,0,0,4.5755693,-1.5480688,2.2260973,1.9583932,-4.5172823e-06,-0.073314047,-0.34164273,-0.488089,1,0.011853003,-0.018385868,-0.86177115,-0.026360899,-0.0052605666,-0.13475711
1.4,0,18.5,0,0,4.5859802,-1.5381881,2.2166975,1.9420127,0.0009189408,-0.075489559,-0.39797451,-0.56808099,1,0.013591161,-0.021338024,-0.86531827,-0.030704579,-0.0061051096,-0.13385442
1.6,0,18.5,0,0,4.5978543,-1.5268019,2.2058569,1.9231456,0.0019859685,-0.078001668,-0.45402442,-0.64744766,1,0.015209815,-0.024246818,-0.86916966,-0.03502683,-0.0069391529,-0.13282153
-1.6,0,19,0,0,3.8918852,-1.4173237,2.0648542,1.7338885,-0.013415159,-0.049587288,0.41468002,0.58239151,1,-0.0053890695,0.023382873,-0.72717351,0.032383209,0.0061024144,-0.120494
-1.4,0,19,0,0,3.8838929,-1.4278261,2.0749663,1.75116,-0.014407434,-0.047262964,0.36351434,0.51103346,1,-0.0050274097,0.020606903,-0.72415722,0.028370312,0.0053304721,-0.12148279
-1.2,0,19,0,0,3.8768737,-1.4369406,2.0837357,1.7661568,-0.015266375,-0.045249745,0.31208051,0.43909961,1,-0.0045557932,0.017818425,-0.72151398,0.024340942,0.0045557917,-0.12233988
-1,0,19,0,0,3.870867,-1.4446618,2.09116,1.7788667,-0.015992421,-0.043547126,0.26041714,0.36667181,1,-0.0039869541,0.015022092,-0.71925535,0.020297889,0.0037790001,-0.12306508
-0.8,0,19,0,0,3.8659062,-1.4509853,2.0972371,1.7892795,-0.016585945,-0.042154672,0.20856269,0.29383211,1,-0.0033340858,0.012222334,-0.71739127,0.016243892,0.0030007881,-0.1236583
-0.6,0,19,0,0,3.8620189,-1.4559074,2.1019655,1.7973869,-0.017047256,-0.041072028,0.15655553,0.22066272,1,-0.0026107779,0.0094233632,-0.7159301,0.012181645,0.0022219031,-0.12411947
-0.4,0,19,0,0,3.8592267,-1.4594252,2.1053438,1.8031826,-0.017376591,-0.040298913,0.1044339,0.14724595,1,-0.0018309523,0.0066291748,-0.71487853,0.0081138055,0.001443142,-0.12444858
-0.2,0,19,0,0,3.8575452,-1.4615367,2.1073711,1.8066618,-0.017574124,-0.039835125,0.052236018,0.073664209,1,-0.0010087996,0.0038435545,-0.71424164,0.0040430008,0.00066534475,-0.12464568
0,0,19,0,0,3.8569837,-1.4622406,2.1080469,1.8078218,-0.017639958,-0.039680544,1.2694441e-08,-2.6245989e-08,1,-0.000158715,0.0010700867,-0.71402285,-2.8168226e-05,-0.0001106112,-0.12471086
0.2,0,19,0,0,3.8575452,-1.4615367,2.1073711,1.8066618,-0.017574127,-0.039835129,-0.052235993,-0.073664261,1,0.00070476439,-0.0016878336,-0.71422392,-0.0040971211,-0.00088381662,-0.12464422
0.4,0,19,0,0,3.8592268,-1.4594252,2.1053438,1.8031826,-0.017376597,-0.04029892,-0.10443388,-0.147246,1,0.0015670211,-0.0039513114,-0.71431591,-0.0081612926,-0.0015820918,-0.12438936
0.6,0,19,0,0,3.8620189,-1.4559074,2.1019655,1.7973869,-0.017047264,-0.041072039,-0.1565555,-0.22066277,1,0.0024134182,-0.007144304,-0.71531452,-0.012218129,-0.0024182083,-0.12403215
0.8,0,19,0,0,3.8659063,-1.4509853,2.0972371,1.7892795,-0.016585957,-0.042154687,-0.20856267,-0.29383217,1,0.0031710493,-0.0097079879,-0.71736583,-0.016270002,-0.0030693352,-0.12365158
1,0,19,0,0,3.8708671,-1.4446618,2.09116,1.7788667,-0.015992435,-0.043547144,-0.26041712,-0.36667187,1,0.0038978813,-0.012298656,-0.72111994,-0.020381986,-0.0038445862,-0.12342856
1.2,0,19,0,0,3.8768738,-1.4369406,2.0837357,1.7661568,-0.015266393,-0.045249767,-0.31208049,-0.43909966,1,0.0048760871,-0.014715648,-0.72011448,-0.024284056,-0.004424451,-0.12201005
1.4,0,19,0,0,3.8838929,-1.4278261,2.0749663,1.75116,-0.014407454,-0.047262989,-0.36351432,-0.51103351,1,0.0051832029,-0.017114347,-0.72261667,-0.028356061,-0.0050056046,-0.12113258
1.6,0,19,0,0,3.8918852,-1.4173237,2.0648542,1.7338885,-0.013415181,-0.049587317,-0.41467999,-0.58239156,1,0.0054079229,-0.019491213,-0.72852974,-0.032406857,-0.0055863896,-0.12079084
-1.6,0,19.5,0,0,3.3052093,-1.3180445,1.935574,1.5637574,-0.028801915,-0.021698885,0.37849867,0.5235197,1,0.0015546606,0.021162366,-0.60868478,0.02984608,0.0052958771,-0.10920818
-1.4,0,19.5,0,0,3.3002195,-1.3277272,1.9449942,1.579561,-0.029722857,-0.019551643,0.33182083,0.45940483,1,0.0011234386,0.018757883,-0.60648782,0.026149732,0.0046267937,-0.11013668
-1.2,0,19.5,0,0,3.2958245,-1.3361311,1.9531647,1.5932842,-0.030520204,-0.017691514,0.28488892,0.39476057,1,0.00077457568,0.016339092,-0.60502741,0.022437475,0.0039551934,-0.11090012
-1,0,19.5,0,0,3.2920543,-1.3432508,1.9600828,1.6049156,-0.031194297,-0.016118156,0.23773942,0.32966209,1,0.00049885306,0.013909968,-0.60449887,0.018711947,0.0032816291,-0.11173623
-0.8,0,19.5,0,0,3.2889342,-1.349082,1.9657461,1.6144453,-0.031745428,-0.014831274,0.19040875,0.26418475,1,0.00028664616,0.0092168322,-0.60164512,0.014975744,0.0021018647,-0.11208254
-0.6,0,19.5,0,0,3.2864854,-1.3536211,1.9701528,1.6218656,-0.032173836,-0.013830623,0.14293322,0.19840412,1,0.00036883345,0.009053743,-0.60031714,0.011306476,0.0018717846,-0.11245893
-0.4,0,19.5,0,0,3.2847244,-1.3568652,1.9733015,1.6271702,-0.032479708,-0.013116011,0.095349117,0.1323959,1,-0.00045859852,0.0065982966,-0.59922897,0.0073515419,0.0012556466,-0.1126933
-0.2,0,19.5,0,0,3.2836631,-1.3588125,1.9751911,1.6303547,-0.032663177,-0.0126873,0.04769265,0.066235893,1,-7.0097436e-05,0.0041640144,-0.60050706,0.0037285678,0.00058052729,-0.11324214
0,0,19.5,0,0,3.2833085,-1.3594618,1.9758211,1.6314165,-0.032724326,-0.012544406,1.093512e-08,-2.6413911e-08,1,-0.00013073786,0.0017372644,-0.60392223,-2.498245e-05,-9.290451e-05,-0.11408025
0.2,0,19.5,0,0,3.2836631,-1.3588125,1.9751911,1.6303547,-0.03266318,-0.012687303,-0.047692628,-0.066235946,1,0.0022185746,-0.0006792559,-0.59707199,-0.0033281963,-0.00076406301,-0.11257008
0.4,0,19.5,0,0,3.2847244,-1.3568652,1.9733015,1.6271702,-0.032479713,-0.013116017,-0.095349095,-0.13239595,1,-0.0012115157,-0.0022168446,-0.59839521,-0.0077039023,-0.0012827005,-0.11255279
0.6,0,19.5,0,0,3.2864854,-1.3536211,1.9701529,1.6218656,-0.032173843,-0.013830632,-0.1429332,-0.19840418,1,-0.0011648229,-0.0058361378,-0.6012484,-0.011457499,-0.0021584294,-0.11266906
0.8,0,19.5,0,0,3.2889342,-1.349082,1.9657461,1.6144453,-0.031745438,-0.014831286,-0.19040873,-0.2641848,1,-0.000364262,-0.0082066682,-0.60608433,-0.014994944,-0.0027952252,-0.11297795
1,0,19.5,0,0,3.2920543,-1.3432508,1.9600828,1.6049156,-0.03119431,-0.016118172,-0.2377394,-0.32966214,1,-0.0016804224,-0.010503603,-0.60294419,-0.018930204,-0.0034047571,-0.11152026
1.2,0,19.5,0,0,3.2958246,-1.3361311,1.9531647,1.5932842,-0.030520219,-0.017691533,-0.2848889,-0.39476062,1,-0.00050322659,-0.012623284,-0.60465954,-0.022391498,-0.0039084881,-0.11085313
1.4,0,19.5,0,0,3.3002195,-1.3277272,1.9449942,1.579561,-0.029722875,-0.019551665,-0.33182081,-0.45940488,1,-0.00097881491,-0.014728571,-0.6066465,-0.026139297,-0.0044129028,-0.11006112
1.6,0,19.5,0,0,3.3052093,-1.3180445,1.935574,1.5637574,-0.028801936,-0.02169891,-0.37849865,-0.52351976,1,-0.0015198346,-0.016816266,-0.60889942,-0.029867672,-0.004916613,-0.10914484
-1.6,0,20,0,0,2.8173824,-1.228196,1.8170653,1.410936,-0.044142388,0.005612214,0.34524005,0.4702417,1,0.0068454891,0.019319822,-0.51017479,0.027512406,0.0045444478,-0.098668737
-1.4,0,20,0,0,2.8147004,-1.2371194,1.825831,1.4253906,-0.044995604,0.0075930668,0.30268447,0.41267853,1,0.0057278207,0.01725532,-0.50850435,0.02409941,0.0040187408,-0.099513046
-1.2,0,20,0,0,2.8123231,-1.2448647,1.8334346,1.4379434,-0.04573445,0.0093093062,0.25988895,0.35462925,1,0.0050154394,0.014923574,-0.50678317,0.020725951,0.0034341621,-0.10020524
-1,0,20,0,0,2.8102727,-1.251427,1.8398734,1.4485833,-0.046359182,0.010761141,0.21688789,0.2961628,1,0.003795215,0.012817873,-0.50587176,0.017236793,0.0029088681,-0.10088681
-0.8,0,20,0,0,2.8085686,-1.2568018,1.8451448,1.4573012,-0.046870023,0.011948752,0.17371563,0.23734835,1,-0.0010572131,0.010713747,-0.50485528,0.012905495,0.002386678,-0.10139938
-0.6,0,20,0,0,2.8072265,-1.2609859,1.8492469,1.4640896,-0.047267154,0.012872289,0.13040646,0.17825526,1,0.0024565661,0.0096104902,-0.50438038,0.010414956,0.0019580036,-0.10176949
-0.4,0,20,0,0,2.806259,-1.2639764,1.852178,1.4689426,-0.047550718,0.013531872,0.086994654,0.11895306,1,0.0014756259,0.0072725346,-0.50374589,0.0069157561,0.001379137,-0.10204004
-0.2,0,20,0,0,2.8056749,-1.2657715,1.8539372,1.4718561,-0.047720815,0.013927587,0.043514432,0.059511395,1,0.00053724376,0.0049423145,-0.50333213,0.0034157094,0.00080196228,-0.10219652
0,0,20,0,0,2.8054795,-1.26637,1.8545236,1.4728275,-0.047777508,0.014059485,9.4371295e-09,-2.6301469e-08,1,-0.0023103888,0.0042115401,-0.50314353,-0.00042312121,0.00042542074,-0.10223913
0.2,0,20,0,0,2.8056749,-1.2657715,1.8539372,1.4718561,-0.047720817,0.013927584,-0.043514414,-0.059511448,1,-0.00061923088,-0.00071827162,-0.50305579,-0.0034351165,-0.00068808873,-0.10220316
0.4,0,20,0,0,2.806259,-1.2639764,1.852178,1.4689426,-0.047550722,0.013531867,-0.086994635,-0.11895312,1,-0.0014692373,-0.0027237515,-0.50332836,-0.0069139532,-0.0011854264,-0.10201444
0.6,0,20,0,0,2.8072265,-1.2609859,1.8492469,1.4640896,-0.047267161,0.012872281,-0.13040644,-0.17825531,1,-0.0023147624,-0.0047192782,-0.5038242,-0.010384646,-0.0016819889,-0.10171184
0.8,0,20,0,0,2.8085686,-1.2568019,1.8451448,1.4573012,-0.046870033,0.01194874,-0.17371561,-0.2373484,1,-0.0031652974,-0.0067023275,-0.50454395,-0.013844802,-0.0021770167,-0.10129586
1,0,20,0,0,2.8102727,-1.251427,1.8398734,1.4485833,-0.046359194,0.010761127,-0.21688787,-0.29616285,1,-0.0031806717,-0.0090175667,-0.50627807,-0.017138602,-0.003004703,-0.10089953
1.2,0,20,0,0,2.8123231,-1.2448648,1.8334346,1.4379434,-0.045734463,0.0093092895,-0.25988893,-0.3546293,1,-0.0044940154,-0.010871376,-0.50717713,-0.020633381,-0.0034414723,-0.10022714
1.4,0,20,0,0,2.8147004,-1.2371194,1.825831,1.4253906,-0.044995621,0.0075930473,-0.30268445,-0.41267858,1,-0.0055486371,-0.012713657,-0.50863649,-0.024081821,-0.0038786195,-0.099492285
1.6,0,20,0,0,2.8173824,-1.228196,1.8170653,1.410936,-0.044142407,0.0056121918,-0.34524003,-0.47024175,1,-0.0066535929,-0.014541576,-0.51029021,-0.027512442,-0.0043149805,-0.098642704
